name,genderRank,divRank,overallRank,bib,division,age,state,country,profession,points,swim,swimDistance,t1,bike,bikeDistance,t2,run,runDistance,overall
Francisco Sartore Mendes Perez,1,1,1,358,35-39,38,---,BRA,---,5000,01:01:39,3.9 km,00:03:31,04:54:05,180.2 km,00:03:58,03:11:10,42.2 km,09:14:23
Felipe Dayrell Silvestre,2,2,2,380,35-39,37,---,BRA,---,4836,00:54:00,3.9 km,00:02:40,05:08:08,180.2 km,00:03:56,03:19:16,42.2 km,09:28:00
Peter Pichnoff,3,1,3,289,30-34,32,---,BRA,---,5000,00:56:29,3.9 km,00:01:45,05:01:10,180.2 km,00:02:02,03:28:23,42.2 km,09:29:49
Joao Martins Galvao,4,1,4,215,25-29,26,---,BRA,---,5000,00:56:30,3.9 km,00:01:43,05:05:29,180.2 km,00:02:37,03:23:46,42.2 km,09:30:05
Bonieck De Souza Clemente,5,2,5,267,30-34,33,NY,BRA,---,4957,00:56:24,3.9 km,00:02:26,05:17:32,180.2 km,00:02:45,03:14:15,42.2 km,09:33:22
Marcelino Miranda Pinto,6,3,6,693,30-34,35,---,BRA,---,4942,00:56:31,3.9 km,00:02:30,04:59:01,180.2 km,00:02:01,03:34:33,42.2 km,09:34:36
Ivan Roberto De Campos Albano Junior,7,1,7,505,40-44,42,São Paulo,BRA,---,5000,00:59:03,3.9 km,00:02:27,04:55:04,180.2 km,00:02:16,03:36:15,42.2 km,09:35:05
Tomas Rivera Kofler,8,2,8,182,25-29,30,---,CHL,---,4929,01:01:25,3.9 km,00:02:44,05:03:18,180.2 km,00:02:45,03:25:44,42.2 km,09:35:56
Alexandre Takenaka,9,4,9,257,30-34,34,---,BRA,---,4904,00:54:05,3.9 km,00:02:15,05:16:19,180.2 km,00:02:43,03:22:27,42.2 km,09:37:49
Cesar Henrique Dalquano,10,3,10,694,35-39,37,---,BRA,---,4668,00:59:11,3.9 km,00:03:14,05:16:25,180.2 km,00:03:17,03:19:55,42.2 km,09:42:02
Daniel Marcondes,11,4,11,689,35-39,36,---,BRA,---,4640,01:01:45,3.9 km,00:02:57,04:58:05,180.2 km,00:03:16,03:38:17,42.2 km,09:44:20
Adriano Sevilla,12,5,12,331,35-39,40,São Paulo,BRA,---,4626,01:07:16,3.9 km,00:03:31,05:18:37,180.2 km,00:01:26,03:14:40,42.2 km,09:45:30
Hugo Amaral Horta Barbosa,13,3,13,193,25-29,29,Intl State,BRA,---,4798,00:53:57,3.9 km,00:01:55,04:59:40,180.2 km,00:01:56,03:49:23,42.2 km,09:46:51
Leonardo Moreira Mota,14,6,14,374,35-39,38,df,BRA,---,4602,00:58:59,3.9 km,00:03:09,05:19:12,180.2 km,00:03:07,03:23:06,42.2 km,09:47:33
Daniel Belluzzi Biazoto,15,5,15,222,30-34,35,SP,BRA,---,4744,00:58:49,3.9 km,00:03:08,05:12:55,180.2 km,00:01:57,03:34:18,42.2 km,09:51:07
Luiz Navas,16,7,16,352,35-39,38,Brazil,BRA,---,4531,00:59:14,3.9 km,00:02:11,05:13:50,180.2 km,00:02:08,03:36:03,42.2 km,09:53:26
Cassio Eduardo Rocha Martins,17,6,17,226,30-34,35,---,BRA,---,4716,---,3.9 km,01:08:47,05:21:14,180.2 km,00:03:08,03:20:18,42.2 km,09:53:27
Gustavo Araujo Santos,18,1,18,175,18-24,24,SANTA CATARINA,BRA,---,5000,00:54:09,3.9 km,00:02:45,05:20:55,180.2 km,00:02:08,03:35:16,42.2 km,09:55:13
Guilherme Garcia Cunha,19,4,19,700,25-29,28,Santa catarina,BRA,---,4687,00:59:05,3.9 km,00:01:54,04:58:08,180.2 km,00:03:34,03:53:26,42.2 km,09:56:07
Filipe Albuquerque Aragao,20,7,20,294,30-34,31,DISTRITO FEDERAL,BRA,---,4674,---,3.9 km,01:08:44,05:11:15,180.2 km,00:03:14,03:33:42,42.2 km,09:56:55
Mauricio Lisboa Henry,21,8,21,254,30-34,34,---,BRA,---,4655,01:05:04,3.9 km,00:03:58,05:07:11,180.2 km,00:03:08,03:39:12,42.2 km,09:58:33
Rodrigo Guimarães,22,8,22,393,35-39,37,---,BRA,---,4460,01:18:02,3.9 km,00:03:41,05:12:42,180.2 km,00:05:00,03:19:56,42.2 km,09:59:21
Thiago Mohana,23,9,23,711,30-34,32,Intl State,BRA,---,4625,00:58:52,3.9 km,00:01:58,05:31:54,180.2 km,00:02:19,03:25:58,42.2 km,10:01:01
Luiz Renato Topan,24,1,24,564,45-49,49,Intl State,BRA,---,5000,00:54:06,3.9 km,00:02:17,05:03:18,180.2 km,00:02:41,03:59:51,42.2 km,10:02:13
Arnaldo Laporte Junior,25,2,25,690,45-49,47,---,BRA,---,4997,01:03:16,3.9 km,00:05:52,05:25:35,180.2 km,00:05:49,03:21:54,42.2 km,10:02:26
Pedro Cerize,26,3,26,607,45-49,47,Sp,BRA,---,4983,01:11:29,3.9 km,00:02:47,05:16:52,180.2 km,00:02:57,03:29:30,42.2 km,10:03:35
Marcio Ximenes,27,10,27,269,30-34,33,---,BRA,---,4589,00:59:37,3.9 km,00:01:57,05:07:12,180.2 km,00:02:31,03:52:43,42.2 km,10:04:00
Leandro Batista Reis,28,9,28,433,35-39,35,DF,BRA,---,4398,01:07:52,3.9 km,00:03:49,05:18:22,180.2 km,00:02:37,03:31:50,42.2 km,10:04:30
Rafael Diniz,29,10,29,377,35-39,37,Intl State,BRA,---,4383,01:09:22,3.9 km,00:02:46,05:10:43,180.2 km,00:02:44,03:40:10,42.2 km,10:05:45
Hakanay Turuna De Ribeiro Queiroz,30,11,30,704,35-39,36,Goias,BRA,---,4381,---,3.9 km,01:08:30,05:24:35,180.2 km,00:04:24,03:28:28,42.2 km,10:05:57
Marcelo Henrique E Silva Lopes,31,12,31,325,35-39,40,Distrito Federal,BRA,---,4372,01:10:12,3.9 km,00:02:15,05:16:10,180.2 km,00:05:04,03:33:00,42.2 km,10:06:41
Pablo Nadalez,32,5,32,192,25-29,29,cordoba,ARG,---,4554,01:03:22,3.9 km,00:02:20,05:09:05,180.2 km,00:02:39,03:49:47,42.2 km,10:07:13
Marcus Vinicius Pinheiro Barbosa,33,6,33,202,25-29,---,CE,BRA,---,4543,01:08:03,3.9 km,00:03:08,05:12:12,180.2 km,00:02:52,03:41:52,42.2 km,10:08:07
Thiago Alvim,34,11,34,286,30-34,32,MG,BRA,---,4538,01:06:36,3.9 km,00:03:33,05:12:51,180.2 km,00:05:08,03:40:11,42.2 km,10:08:19
Fernando Lucas,35,2,35,447,40-44,45,---,BRA,---,4596,01:05:45,3.9 km,00:03:49,05:19:59,180.2 km,00:02:39,03:36:29,42.2 km,10:08:41
Diego Figueiredo Machado,36,12,36,309,30-34,---,SP,BRA,---,4520,00:55:15,3.9 km,00:02:51,05:19:51,180.2 km,00:04:53,03:46:59,42.2 km,10:09:49
Thiago Ferreira,37,13,37,697,35-39,36,Brasil,BRA,---,4331,00:54:33,3.9 km,00:02:30,05:26:02,180.2 km,00:03:10,03:43:50,42.2 km,10:10:05
Arthur Alvim Faria Da Silva,38,14,38,708,35-39,38,---,BRA,---,4330,01:12:21,3.9 km,00:02:31,05:05:59,180.2 km,00:02:52,03:46:30,42.2 km,10:10:13
Elano Barbosa Ribeiro,39,3,39,527,40-44,41,---,BRA,---,4572,01:10:07,3.9 km,00:02:13,05:21:34,180.2 km,00:01:35,03:35:12,42.2 km,10:10:41
Ezequiel Villata,40,13,40,315,30-34,30,CHUBUT,ARG,---,4489,01:12:24,3.9 km,00:02:59,05:22:15,180.2 km,00:02:10,03:32:34,42.2 km,10:12:22
Guilherme Pacheco Venturini,41,2,41,176,18-24,24,---,BRA,---,4789,01:10:18,3.9 km,00:05:54,05:28:10,180.2 km,00:02:40,03:25:42,42.2 km,10:12:44
Rodrigo Miranda,42,15,42,364,35-39,38,SC,BRA,---,4295,01:13:45,3.9 km,00:04:10,05:31:32,180.2 km,00:03:36,03:20:03,42.2 km,10:13:06
Jose Edson Vitorino De Souza,43,7,43,205,25-29,---,CE,BRA,---,4480,00:53:53,3.9 km,00:01:25,05:38:46,180.2 km,00:03:12,03:36:07,42.2 km,10:13:23
Helio Ribeiro,44,16,44,354,35-39,38,Alagoas,BRA,---,4283,01:04:45,3.9 km,00:02:09,05:19:54,180.2 km,00:02:43,03:44:35,42.2 km,10:14:06
Rafael Arias,45,8,45,213,25-29,26,Ceará,BRA,---,4455,00:58:54,3.9 km,00:01:48,05:22:25,180.2 km,00:04:53,03:47:30,42.2 km,10:15:30
Gil Castello Branco,46,9,46,185,25-29,30,DF,BRA,---,4428,01:03:48,3.9 km,00:02:20,05:23:44,180.2 km,00:03:24,03:44:27,42.2 km,10:17:43
Roberto LEMOS,47,4,47,574,45-49,48,---,BRA,---,4764,01:04:45,3.9 km,00:01:40,05:20:35,180.2 km,00:03:10,03:51:42,42.2 km,10:21:52
Bruno Tempesta,48,4,48,517,40-44,42,---,BRA,---,4432,01:09:15,3.9 km,00:03:00,05:11:43,180.2 km,00:01:20,03:57:03,42.2 km,10:22:21
Carlos Henrique Falcao Freire,49,5,49,452,40-44,44,Intl State,BRA,---,4428,---,3.9 km,01:07:18,05:32:08,180.2 km,00:02:28,03:40:48,42.2 km,10:22:42
Eduardo Jurcevic,50,6,50,539,40-44,41,São Paulo,BRA,---,4422,01:03:43,3.9 km,00:03:33,05:28:48,180.2 km,00:04:27,03:42:40,42.2 km,10:23:11
Marcelo Abdo,51,7,51,479,40-44,43,SP,BRA,---,4402,00:53:57,3.9 km,00:02:51,05:34:28,180.2 km,00:03:14,03:50:24,42.2 km,10:24:54
Erinton Machado,52,17,52,320,35-39,---,---,BRA,---,4148,01:10:02,3.9 km,00:02:10,05:11:18,180.2 km,00:02:47,03:59:02,42.2 km,10:25:19
Fernando Carvalho,53,18,53,326,35-39,40,---,BRA,---,4126,00:56:33,3.9 km,00:02:34,05:33:34,180.2 km,00:05:35,03:48:55,42.2 km,10:27:11
Thiago Goncalves Soares Rodrigues,54,10,54,196,25-29,29,GOIAS,BRA,---,4307,00:56:20,3.9 km,00:03:15,05:56:00,180.2 km,00:03:07,03:29:06,42.2 km,10:27:48
Marcio Pinhati,55,5,55,618,45-49,45,SAO PAULO,BRA,---,4692,01:10:10,3.9 km,00:03:42,05:14:16,180.2 km,00:02:51,03:56:52,42.2 km,10:27:51
Andre Derosso Teixeira,56,19,56,391,35-39,37,São Paulo,BRA,---,4109,01:06:42,3.9 km,00:04:51,05:29:04,180.2 km,00:05:02,03:42:55,42.2 km,10:28:34
Fabiano Santos,57,20,57,432,35-39,36,Intl State,BRA,---,4107,01:05:43,3.9 km,00:03:09,05:32:04,180.2 km,00:04:04,03:43:45,42.2 km,10:28:45
Eduardo Diaz,58,6,58,567,45-49,49,Intl State,ARG,---,4668,00:59:13,3.9 km,00:01:55,05:44:50,180.2 km,00:04:29,03:39:24,42.2 km,10:29:51
Marcos Alexandre Da Silveira,59,7,59,560,45-49,50,Intl State,BRA,---,4658,01:09:27,3.9 km,00:02:55,05:21:56,180.2 km,00:03:32,03:52:52,42.2 km,10:30:42
Luiz Eduardo Rodrigues Lopes,60,8,60,521,40-44,41,São Paulo,BRA,---,4327,01:10:09,3.9 km,00:02:45,05:46:13,180.2 km,00:03:41,03:28:18,42.2 km,10:31:06
Luiz Patelli,61,14,61,232,30-34,35,DF,BRA,---,4258,01:02:49,3.9 km,00:02:49,05:42:31,180.2 km,00:03:08,03:40:20,42.2 km,10:31:37
Ralph Porto,62,8,62,593,45-49,47,RJ,BRA,---,4641,01:09:19,3.9 km,00:02:51,05:40:59,180.2 km,00:06:16,03:32:39,42.2 km,10:32:04
John Milliard,63,21,63,413,35-39,36,FR,FRA,---,4059,01:09:18,3.9 km,00:02:24,05:36:47,180.2 km,00:03:18,03:40:57,42.2 km,10:32:44
Marcio Bernardo,64,22,64,365,35-39,38,SP,BRA,---,4059,00:59:20,3.9 km,00:03:41,05:44:29,180.2 km,00:05:02,03:40:13,42.2 km,10:32:45
Tiago Inacio,65,23,65,426,35-39,36,sp,BRA,---,4055,01:07:32,3.9 km,00:02:01,05:17:56,180.2 km,00:02:34,04:03:01,42.2 km,10:33:04
Timothy Kelsall,66,9,66,499,40-44,42,SG,GBR,---,4297,---,3.9 km,---,06:31:22,180.2 km,00:02:25,03:59:50,42.2 km,10:33:37
Andres Nennhuber,67,10,67,478,40-44,43,Chubut,ARG,---,4295,01:01:18,3.9 km,00:02:34,05:15:34,180.2 km,00:02:23,04:11:59,42.2 km,10:33:48
Erick Parreira Duarte,68,11,68,195,25-29,29,Sao Paulo,BRA,---,4233,01:05:28,3.9 km,00:02:24,05:08:12,180.2 km,00:03:51,04:14:02,42.2 km,10:33:57
Euclides Jose Leite Castelo,69,11,69,466,40-44,44,CE,BRA,---,4279,00:59:19,3.9 km,00:02:58,05:44:06,180.2 km,00:03:19,03:45:27,42.2 km,10:35:09
Pedro Assad,70,12,70,198,25-29,28,SP - São Paulo,BRA,---,4211,01:07:43,3.9 km,00:02:55,05:37:15,180.2 km,00:04:14,03:43:39,42.2 km,10:35:46
Josemar Alves,71,12,71,443,40-44,45,Intl State,BRA,---,4270,01:15:38,3.9 km,00:03:49,05:33:00,180.2 km,00:02:45,03:40:39,42.2 km,10:35:51
Vitor Dias Souza Girao,72,15,72,295,30-34,31,Ceará,BRA,---,4196,01:06:17,3.9 km,00:03:07,05:21:04,180.2 km,00:04:42,04:01:36,42.2 km,10:36:46
Rafael Ribeiro,73,24,73,409,35-39,36,Goiás,BRA,---,4010,01:04:06,3.9 km,00:02:24,05:19:49,180.2 km,00:02:21,04:08:12,42.2 km,10:36:52
Gil-André Restoin,74,25,74,382,35-39,37,Intl State,GUF,---,4009,01:09:11,3.9 km,00:06:58,05:24:37,180.2 km,00:07:03,03:49:05,42.2 km,10:36:54
Rafael Ramos,75,16,75,301,30-34,31,Sao Paulo,BRA,---,4192,00:56:42,3.9 km,00:01:16,05:33:15,180.2 km,00:02:09,04:03:46,42.2 km,10:37:08
Victor Lima,76,26,76,348,35-39,39,Pernambuco,BRA,---,4001,00:59:49,3.9 km,00:02:38,05:24:32,180.2 km,00:02:44,04:07:52,42.2 km,10:37:35
Sergio Ricardo Borejo,77,9,77,598,45-49,47,sp,BRA,---,4566,01:06:56,3.9 km,00:04:39,05:27:43,180.2 km,00:03:50,03:55:14,42.2 km,10:38:22
Lucas Silva,78,3,78,171,18-24,---,AL,BRA,---,4451,00:54:27,3.9 km,00:02:32,05:21:18,180.2 km,00:03:55,04:18:44,42.2 km,10:40:56
Rangel Rodrigues,79,13,79,550,40-44,40,SÃO PAULO,BRA,---,4198,01:06:07,3.9 km,00:03:42,05:21:28,180.2 km,00:03:07,04:07:28,42.2 km,10:41:52
Eduardo Malucelli,80,27,80,395,35-39,37,Intl State,BRA,---,3937,01:06:47,3.9 km,00:02:40,05:22:43,180.2 km,00:05:08,04:05:36,42.2 km,10:42:54
Andre Luis Vieira,81,14,81,543,40-44,40,Paraná,BRA,---,4172,01:06:40,3.9 km,00:04:33,05:41:48,180.2 km,00:02:52,03:48:12,42.2 km,10:44:05
Rosecler Oliveira Amorim Da Costa,1,1,82,701,35-39,38,---,BRA,---,5000,01:05:14,3.9 km,00:02:40,05:31:40,180.2 km,00:03:01,04:02:35,42.2 km,10:45:10
Fabrizio Borsato,82,28,83,403,35-39,37,---,BRA,---,3903,00:59:36,3.9 km,00:02:18,05:21:34,180.2 km,00:04:02,04:18:15,42.2 km,10:45:45
Daniel Mattos,83,29,84,397,35-39,37,Other,BRA,---,3898,01:04:11,3.9 km,00:02:43,05:21:02,180.2 km,00:02:33,04:15:43,42.2 km,10:46:12
Stefaan Devliegere,84,15,85,496,40-44,42,Other,BEL,---,4144,01:12:19,3.9 km,00:01:34,05:29:45,180.2 km,00:02:23,04:00:22,42.2 km,10:46:23
Milton Augusto Maciel De Sousa,85,16,86,513,40-44,42,RJ,BRA,---,4143,01:12:12,3.9 km,00:02:26,05:33:28,180.2 km,00:03:54,03:54:28,42.2 km,10:46:28
Anderson Saboya,86,30,87,435,35-39,35,Distrito Federal,BRA,---,3885,01:21:15,3.9 km,00:03:52,05:22:33,180.2 km,00:06:33,03:53:04,42.2 km,10:47:17
Alejandro Prieto,87,17,88,283,30-34,---,BUENOS AIRES,ARG,---,4062,01:01:45,3.9 km,00:02:18,05:47:50,180.2 km,00:04:51,03:51:13,42.2 km,10:47:57
Heraldo Viana,88,17,89,484,40-44,43,CE,BRA,---,4119,01:10:11,3.9 km,00:02:44,05:33:21,180.2 km,00:02:52,03:59:18,42.2 km,10:48:26
Mair Gama,89,10,90,582,45-49,48,São Paulo,BRA,---,4429,01:19:29,3.9 km,00:03:37,05:44:25,180.2 km,00:03:28,03:38:47,42.2 km,10:49:46
William Cezar Dos Santos Souza,90,13,91,190,25-29,29,---,BRA,---,4031,01:08:21,3.9 km,00:02:45,05:35:00,180.2 km,00:08:16,03:56:25,42.2 km,10:50:47
Marcelo Verderoce Vieira,91,18,92,465,40-44,44,---,BRA,---,4088,01:09:33,3.9 km,00:03:20,05:44:24,180.2 km,00:04:23,03:49:24,42.2 km,10:51:04
Luciano César Focá,92,19,93,530,40-44,41,Intl State,BRA,---,4082,---,3.9 km,01:06:20,05:40:28,180.2 km,00:02:47,04:01:57,42.2 km,10:51:32
Germano Chagas,93,31,94,342,35-39,39,Bahia,BRA,---,3829,01:03:13,3.9 km,00:02:52,05:46:56,180.2 km,00:04:33,03:54:20,42.2 km,10:51:54
Rafael Perez Peralva,94,32,95,436,35-39,35,---,BRA,---,3825,01:03:06,3.9 km,00:03:48,05:51:03,180.2 km,00:04:02,03:50:17,42.2 km,10:52:16
Eugenio Lucio Souza Furioso,95,11,96,601,45-49,---,DF,BRA,---,4395,01:06:38,3.9 km,00:01:43,05:22:52,180.2 km,00:02:32,04:18:53,42.2 km,10:52:38
Leandro Almeida,96,33,97,341,35-39,---,SP,BRA,---,3815,01:06:35,3.9 km,00:03:18,05:15:00,180.2 km,00:04:55,04:23:16,42.2 km,10:53:04
Felipe Matos,97,20,98,545,40-44,40,Distrito Federal,BRA,---,4057,01:03:47,3.9 km,00:03:06,05:28:17,180.2 km,00:03:34,04:14:55,42.2 km,10:53:39
Jr Tardelli,98,18,99,240,30-34,34,---,BRA,---,3992,01:05:12,3.9 km,00:02:52,05:26:14,180.2 km,00:04:22,04:15:08,42.2 km,10:53:48
Rafael Falsarella,99,19,100,243,30-34,34,Intl State,BRA,---,3990,01:03:14,3.9 km,00:03:56,05:26:06,180.2 km,00:04:00,04:16:40,42.2 km,10:53:56
Maurice Inzirillo,100,1,101,679,55-59,55,---,CHE,---,5000,01:29:59,3.9 km,00:03:44,05:35:51,180.2 km,00:02:58,03:41:39,42.2 km,10:54:11
Jorge Wiliam Elnour Junior,101,20,102,259,30-34,34,distrito federal,BRA,---,3987,01:05:13,3.9 km,00:03:35,05:36:56,180.2 km,00:06:43,04:01:47,42.2 km,10:54:14
Emiliano Battista,102,34,103,383,35-39,37,CABA,ARG,---,3786,01:06:06,3.9 km,00:03:25,05:45:40,180.2 km,00:02:43,03:57:35,42.2 km,10:55:29
Ricardo Oliveira,103,35,104,347,35-39,39,---,BRA,---,3783,01:12:14,3.9 km,00:03:56,05:32:03,180.2 km,00:04:01,04:03:31,42.2 km,10:55:45
Javier Francisco Dona,104,36,105,420,35-39,---,---,ARG,---,3751,00:58:25,3.9 km,00:01:38,05:27:42,180.2 km,00:03:00,04:27:39,42.2 km,10:58:24
Leandro C M Moreira,105,37,106,398,35-39,---,Amazonas,BRA,---,3751,01:02:38,3.9 km,00:04:15,05:22:09,180.2 km,00:03:55,04:25:30,42.2 km,10:58:27
Lorrain Raphael Auguste Paul,106,1,107,640,50-54,53,---,FRA,---,5000,01:08:36,3.9 km,00:03:04,05:38:06,180.2 km,00:04:12,04:04:37,42.2 km,10:58:35
Henrique Werneck Pereira Do Espirito Santo,107,38,108,339,35-39,39,---,BRA,---,3736,01:18:32,3.9 km,00:05:39,05:40:14,180.2 km,00:03:36,03:51:42,42.2 km,10:59:43
Eric Schellenberg Tammenhain,108,21,109,278,30-34,33,PR,BRA,---,3918,00:58:58,3.9 km,00:03:55,05:59:20,180.2 km,00:03:36,03:54:06,42.2 km,10:59:55
Diogo Nebias,109,39,110,371,35-39,38,Sao Paulo,BRA,---,3716,01:10:29,3.9 km,00:04:15,05:44:24,180.2 km,00:06:24,03:55:51,42.2 km,11:01:23
Edson Maisonnette Junior,110,40,111,384,35-39,37,Rio de Janeiro,BRA,---,3713,01:04:01,3.9 km,00:03:52,06:00:08,180.2 km,00:07:51,03:45:43,42.2 km,11:01:35
Daniel Henriques Almeida,111,22,112,276,30-34,33,---,BRA,---,3888,01:12:29,3.9 km,00:02:39,05:39:04,180.2 km,00:03:45,04:04:32,42.2 km,11:02:29
Sergio Andre Vargas,112,41,113,381,35-39,37,SP,BRA,---,3701,01:04:56,3.9 km,00:02:46,05:21:46,180.2 km,00:03:25,04:29:42,42.2 km,11:02:35
Ricardo Pichj Fariña,113,2,114,698,50-54,51,Intl State,ARG,---,4948,01:06:56,3.9 km,00:02:31,05:36:29,180.2 km,00:02:48,04:14:08,42.2 km,11:02:52
Joey Hinton,114,3,115,655,50-54,51,CA,USA,---,4931,00:59:21,3.9 km,00:04:42,05:29:14,180.2 km,00:05:12,04:25:48,42.2 km,11:04:17
Rafael Verissimo,115,23,116,285,30-34,32,Ceara,BRA,---,3854,00:56:26,3.9 km,00:04:31,05:58:23,180.2 km,00:05:27,04:00:28,42.2 km,11:05:15
Claudia Guimarães Scaldini,2,1,117,108,25-29,28,MG,BRA,---,5000,01:22:15,3.9 km,00:03:05,05:38:36,180.2 km,00:01:59,04:00:06,42.2 km,11:06:01
Daniel Cruz,116,21,118,518,40-44,42,PIAUI,BRA,---,3905,01:07:13,3.9 km,00:03:22,05:36:48,180.2 km,00:04:04,04:14:51,42.2 km,11:06:18
Vander Praxedes,117,24,119,306,30-34,31,---,BRA,---,3840,01:10:08,3.9 km,00:02:49,05:22:41,180.2 km,00:04:04,04:26:47,42.2 km,11:06:29
Nilton Jorge Cabral,118,22,120,710,40-44,44,---,PRT,---,3902,01:21:53,3.9 km,00:03:46,05:24:46,180.2 km,00:04:05,04:12:03,42.2 km,11:06:33
Rodrigo Lacerda Alves,119,25,121,247,30-34,34,Sergipe,BRA,---,3838,01:01:47,3.9 km,00:02:15,05:46:51,180.2 km,00:08:07,04:07:39,42.2 km,11:06:39
Francisco Regis Moreira Moreira,120,42,122,408,35-39,---,---,BRA,---,3647,01:07:26,3.9 km,00:02:32,05:50:00,180.2 km,00:03:23,04:03:45,42.2 km,11:07:06
Reinhold Garnitschnig,121,2,123,712,55-59,58,AT,AUT,---,4839,01:13:44,3.9 km,00:02:35,05:30:55,180.2 km,00:04:49,04:15:32,42.2 km,11:07:35
Mauro Fernando Dos  Santos,122,23,124,471,40-44,---,SP,BRA,---,3889,01:06:55,3.9 km,00:04:19,05:28:10,180.2 km,00:05:31,04:22:43,42.2 km,11:07:38
Bruno Alvim,123,26,125,242,30-34,34,MG,BRA,---,3821,01:08:20,3.9 km,00:03:33,05:34:56,180.2 km,00:03:07,04:18:05,42.2 km,11:08:01
Livia Bustamante,3,1,126,111,30-34,34,Rio de Janeiro,BRA,---,5000,01:12:08,3.9 km,00:03:31,05:55:48,180.2 km,00:03:58,03:53:06,42.2 km,11:08:31
Francisco Carvalho Junior,124,4,127,641,50-54,52,Intl State,BRA,---,4875,01:13:58,3.9 km,00:02:12,05:43:23,180.2 km,00:03:46,04:05:38,42.2 km,11:08:57
Janko Zeleznikar,125,5,128,627,50-54,54,ACT,SVN,---,4871,01:06:51,3.9 km,00:02:55,05:50:01,180.2 km,00:02:02,04:07:27,42.2 km,11:09:16
Paulo Piza,126,12,129,586,45-49,48,Intl State,BRA,---,4193,01:08:52,3.9 km,00:02:37,05:43:23,180.2 km,00:05:11,04:09:21,42.2 km,11:09:24
Douglas Barros Ricardo,127,43,130,376,35-39,---,SP,BRA,---,3617,01:11:02,3.9 km,00:03:09,05:44:12,180.2 km,00:06:58,04:04:17,42.2 km,11:09:38
Pedro Reis,128,27,131,299,30-34,31,GO,BRA,---,3794,01:10:24,3.9 km,00:02:29,05:41:23,180.2 km,00:04:43,04:11:18,42.2 km,11:10:17
Tiago Tavares,129,28,132,310,30-34,30,---,BRA,---,3787,01:02:38,3.9 km,00:03:16,05:52:30,180.2 km,00:05:20,04:07:07,42.2 km,11:10:51
Matheus Monte Albuquerque,130,14,133,188,25-29,---,CE,BRA,---,3788,01:04:34,3.9 km,00:03:48,05:42:02,180.2 km,00:05:12,04:15:26,42.2 km,11:11:02
Dimas Marchi,131,24,134,485,40-44,43,Sao Paulo,BRA,---,3841,01:10:22,3.9 km,00:03:10,05:32:18,180.2 km,00:03:41,04:22:09,42.2 km,11:11:40
Ryan Johnston,132,15,135,181,25-29,30,Eastern Province,ZAF,---,3775,01:05:19,3.9 km,00:02:48,05:05:50,180.2 km,00:02:08,04:56:04,42.2 km,11:12:09
Paulo Giovani Militao De Alencar,133,25,136,489,40-44,43,RIO GRANDE DO NORTE,BRA,---,3824,01:13:38,3.9 km,00:06:47,05:51:05,180.2 km,00:07:32,03:53:59,42.2 km,11:13:01
Italo Rizzo Júnior,134,29,137,241,30-34,34,GOIAS,BRA,---,3758,00:58:40,3.9 km,00:01:39,05:13:48,180.2 km,00:03:04,04:56:07,42.2 km,11:13:18
Glauber Alencar Lima,135,26,138,533,40-44,41,Intl State,BRA,---,3810,01:15:34,3.9 km,00:02:39,05:45:41,180.2 km,00:03:25,04:06:56,42.2 km,11:14:15
Reggis Pinho Brito,136,44,139,368,35-39,---,RJ,BRA,---,3552,01:05:11,3.9 km,00:04:10,05:47:10,180.2 km,00:06:19,04:12:13,42.2 km,11:15:03
Rodrigo Silva,137,30,140,282,30-34,---,SP,BRA,---,3734,01:14:34,3.9 km,00:07:28,05:40:26,180.2 km,00:05:16,04:07:34,42.2 km,11:15:18
Diogo Porto,138,45,141,406,35-39,---,Intl State,BRA,---,3524,00:56:24,3.9 km,00:02:29,05:23:23,180.2 km,00:05:22,04:49:42,42.2 km,11:17:20
Erick Vasconcelos,139,27,142,777,40-44,45,CE,BRA,---,3771,01:03:48,3.9 km,00:02:07,05:33:35,180.2 km,00:02:40,04:35:18,42.2 km,11:17:28
Lucas Leite,140,31,143,312,30-34,30,---,BRA,---,3695,00:59:28,3.9 km,00:02:32,05:38:35,180.2 km,00:05:10,04:32:46,42.2 km,11:18:31
Daniel Jose Garay,141,46,144,396,35-39,37,Buenos Aires,ARG,---,3504,01:31:11,3.9 km,00:03:53,05:42:31,180.2 km,00:07:12,03:54:12,42.2 km,11:18:59
Rafael Pinho,142,47,145,423,35-39,36,ceara,BRA,---,3500,01:05:17,3.9 km,00:01:50,05:43:30,180.2 km,00:06:02,04:22:40,42.2 km,11:19:19
Fabricio Mota,143,32,146,303,30-34,---,BA,BRA,---,3682,01:17:49,3.9 km,00:06:33,06:11:02,180.2 km,00:10:00,03:34:11,42.2 km,11:19:35
Paulo Adriano Dias Dos Santos,144,13,147,619,45-49,45,---,BRA,---,4066,01:05:17,3.9 km,00:02:21,05:50:00,180.2 km,00:04:10,04:18:13,42.2 km,11:20:01
Bruno Garcia,145,48,148,351,35-39,38,Rio de Janeiro,BRA,---,3490,01:07:22,3.9 km,00:04:30,05:57:01,180.2 km,00:04:47,04:06:33,42.2 km,11:20:13
Andrea De Paula Queiroz,4,2,149,258,30-34,34,CE,BRA,---,4852,01:10:19,3.9 km,00:03:28,05:55:57,180.2 km,00:02:12,04:08:54,42.2 km,11:20:50
Rinaldo Pereira,146,28,150,453,40-44,44,---,BRA,---,3716,01:24:16,3.9 km,00:02:27,05:51:18,180.2 km,00:03:54,04:00:08,42.2 km,11:22:03
Tiago Rossi,147,33,151,262,30-34,34,Rio de Janeiro,BRA,---,3640,01:02:07,3.9 km,00:03:05,05:39:31,180.2 km,00:04:23,04:34:00,42.2 km,11:23:06
Augusto Ribeiro Rodrigues,148,4,152,169,18-24,---,RN,BRA,---,3938,01:09:11,3.9 km,00:02:56,05:40:35,180.2 km,00:04:32,04:26:25,42.2 km,11:23:39
Marcelo Kendy Kaneshiro,149,34,153,229,30-34,35,SP,BRA,---,3610,01:25:40,3.9 km,00:02:13,05:34:36,180.2 km,00:02:09,04:20:59,42.2 km,11:25:37
Juan Carlos Galindo Villegas,150,3,154,677,55-59,56,---,ESP,---,4608,01:29:40,3.9 km,00:04:15,05:36:51,180.2 km,00:03:16,04:12:46,42.2 km,11:26:48
Otávio Romano Neto,151,29,155,699,40-44,43,São Paulo,BRA,---,3656,01:06:57,3.9 km,00:04:33,05:46:02,180.2 km,00:06:16,04:23:15,42.2 km,11:27:03
Vinicius De Oliveira,152,35,156,300,30-34,31,Intl State,BRA,---,3580,01:21:03,3.9 km,00:01:46,05:24:37,180.2 km,00:02:50,04:37:50,42.2 km,11:28:06
Alexandre Martins,153,49,157,332,35-39,40,para,BRA,---,3372,01:02:43,3.9 km,00:02:48,05:48:40,180.2 km,00:06:11,04:29:41,42.2 km,11:30:03
Paula Ponte,5,1,158,101,18-24,21,Ceará,BRA,---,5000,01:04:58,3.9 km,00:01:53,05:41:33,180.2 km,00:03:04,04:39:08,42.2 km,11:30:36
Luciano Do Nascimento Gomes,154,30,159,520,40-44,41,rio de janeiro,BRA,---,3607,01:19:35,3.9 km,00:02:52,05:40:30,180.2 km,00:02:23,04:25:50,42.2 km,11:31:10
Vinicius Silvestrin,155,36,160,280,30-34,---,---,BRA,---,3517,01:01:33,3.9 km,00:04:13,05:54:24,180.2 km,00:09:25,04:23:47,42.2 km,11:33:22
Alfredo Ferreira Dos Santos Filho,156,14,161,615,45-49,---,CE,BRA,---,3903,01:09:56,3.9 km,00:03:31,06:06:45,180.2 km,00:03:15,04:10:08,42.2 km,11:33:35
Joao Carlos Neto,157,15,162,570,45-49,49,Pernambuco,BRA,---,3903,01:19:25,3.9 km,00:03:49,05:20:30,180.2 km,00:06:21,04:43:30,42.2 km,11:33:35
Helayne Silva,6,2,163,122,35-39,40,Intl State,BRA,---,4411,01:11:21,3.9 km,00:04:49,06:03:42,180.2 km,00:02:31,04:11:49,42.2 km,11:34:12
Crystiane Seabra Farias Martins,7,3,164,120,35-39,40,Para,BRA,---,4405,01:03:46,3.9 km,00:02:50,06:13:49,180.2 km,00:04:29,04:09:51,42.2 km,11:34:45
Marcos Frank Costa E Silva,158,37,165,251,30-34,---,AC,BRA,---,3496,01:25:44,3.9 km,00:05:49,06:06:17,180.2 km,00:04:24,03:52:51,42.2 km,11:35:05
Levy Rogerio  Scarpim,159,31,166,476,40-44,---,---,BRA,---,3551,01:23:12,3.9 km,00:07:06,05:51:35,180.2 km,00:06:31,04:07:23,42.2 km,11:35:47
Fidelis Neto,160,50,167,330,35-39,40,Intl State,BRA,---,3300,01:12:33,3.9 km,00:07:40,05:36:31,180.2 km,00:09:04,04:30:15,42.2 km,11:36:03
Shannon Florea,8,4,168,126,35-39,39,KY,USA,---,4383,01:05:07,3.9 km,00:03:18,05:59:03,180.2 km,00:03:32,04:25:35,42.2 km,11:36:35
Jose Renato Camara Silveira Junior,161,38,169,279,30-34,---,---,BRA,---,3468,01:09:41,3.9 km,00:02:33,06:03:53,180.2 km,00:03:56,04:17:25,42.2 km,11:37:28
Sergio Cedano,162,32,170,502,40-44,42,Intl State,BRA,---,3524,01:26:14,3.9 km,00:03:57,06:27:05,180.2 km,00:06:26,03:34:23,42.2 km,11:38:05
Mario Eduardo Bellette,163,39,171,233,30-34,---,SP,BRA,---,3447,01:02:30,3.9 km,00:03:16,06:05:50,180.2 km,00:08:13,04:19:24,42.2 km,11:39:13
Felipe Aragao Albuquerque,164,40,172,235,30-34,35,---,BRA,---,3446,01:05:58,3.9 km,00:03:15,06:03:46,180.2 km,00:04:39,04:21:40,42.2 km,11:39:18
Bernardo Paula Lobo,165,41,173,287,30-34,32,PARA,BRA,---,3445,01:04:15,3.9 km,00:05:07,06:19:06,180.2 km,00:06:08,04:04:47,42.2 km,11:39:23
Flavia Orcas,9,5,174,707,35-39,40,PR,BRA,---,4343,01:19:17,3.9 km,00:03:23,05:59:18,180.2 km,00:03:19,04:14:38,42.2 km,11:39:55
Flavia Pedreira Rocha,166,51,175,372,35-39,38,São Paulo,BRA,---,3250,01:14:30,3.9 km,00:03:47,05:52:18,180.2 km,00:08:21,04:21:16,42.2 km,11:40:12
Luiz Henrique Leite,167,33,176,438,40-44,45,Intl State,BRA,---,3494,01:10:11,3.9 km,00:04:37,06:04:22,180.2 km,00:06:47,04:14:35,42.2 km,11:40:32
FERNANDA KELLER,10,1,177,157,50-54,52,---,BRA,---,5000,01:06:54,3.9 km,00:01:53,06:09:53,180.2 km,00:03:36,04:18:42,42.2 km,11:40:58
Alexander Zhukov,168,34,178,553,40-44,40,Moscow,RUS,---,3484,01:36:56,3.9 km,00:01:52,06:09:21,180.2 km,00:02:59,03:50:16,42.2 km,11:41:24
Adailton Aguiar,169,35,179,439,40-44,45,Intl State,BRA,---,3479,01:11:27,3.9 km,00:07:07,05:41:15,180.2 km,00:08:16,04:33:44,42.2 km,11:41:49
Andre Veras Braga,170,36,180,472,40-44,---,CE,BRA,---,3472,01:09:57,3.9 km,00:04:58,05:57:50,180.2 km,00:05:30,04:24:08,42.2 km,11:42:23
Tiago Queiroz,171,42,181,270,30-34,33,---,BRA,---,3397,01:06:14,3.9 km,00:05:37,05:50:49,180.2 km,00:05:57,04:34:46,42.2 km,11:43:23
Vander Magalhaes Caetano De Almeida,172,37,182,552,40-44,40,Distrito Federal,BRA,---,3456,01:06:25,3.9 km,00:02:51,05:57:23,180.2 km,00:08:19,04:28:45,42.2 km,11:43:43
Plinio Ribeiro Maciel,173,6,183,659,50-54,51,Distrito Federal,BRA,---,4451,01:07:52,3.9 km,00:04:30,06:14:43,180.2 km,00:07:52,04:09:21,42.2 km,11:44:18
Juan Pablo Perez,174,43,184,302,30-34,31,Intl State,ARG,---,3384,01:14:41,3.9 km,00:02:36,06:02:24,180.2 km,00:09:17,04:15:31,42.2 km,11:44:29
Anderson Navi,175,38,185,551,40-44,40,Rio de Janeiro,BRA,---,3446,01:13:25,3.9 km,00:05:38,06:16:28,180.2 km,00:05:04,04:03:59,42.2 km,11:44:34
Maria Souza,11,1,186,144,40-44,42,---,BRA,---,5000,01:10:11,3.9 km,00:02:43,06:27:01,180.2 km,00:01:40,04:04:52,42.2 km,11:46:27
Vanusa Maciel,12,1,187,151,45-49,46,PR,BRA,---,5000,01:17:18,3.9 km,00:04:09,05:56:27,180.2 km,00:04:16,04:24:53,42.2 km,11:47:03
Ulisses Pontes,176,7,188,637,50-54,---,---,BRA,---,4413,01:20:16,3.9 km,00:03:54,06:04:18,180.2 km,00:06:18,04:12:42,42.2 km,11:47:28
Felipe Rael,177,16,189,583,45-49,48,CA,USA,---,3728,01:16:34,3.9 km,00:02:37,05:40:43,180.2 km,00:05:04,04:43:15,42.2 km,11:48:13
Fabio Gemaque,178,5,190,167,18-24,25,PARA,BRA,---,3632,01:10:18,3.9 km,00:04:41,06:11:01,180.2 km,00:04:33,04:18:36,42.2 km,11:49:09
Gareth Wright,179,16,191,206,25-29,27,ZA,ZAF,---,3321,00:52:23,3.9 km,00:01:44,05:43:48,180.2 km,00:04:05,05:07:58,42.2 km,11:49:58
Gary Lock,180,52,192,363,35-39,38,---,GBR,---,3132,01:20:34,3.9 km,00:02:18,05:13:49,180.2 km,00:03:21,05:10:01,42.2 km,11:50:03
Ariel Sharon De Assis Brito,181,53,193,361,35-39,38,Amazonas,BRA,---,3131,01:18:12,3.9 km,00:08:25,06:12:54,180.2 km,00:05:53,04:04:40,42.2 km,11:50:04
Fabio Moreira,182,17,194,183,25-29,30,Intl State,BRA,---,3314,01:06:53,3.9 km,00:02:32,05:25:50,180.2 km,---,05:15:18,42.2 km,11:50:33
Helcio Vaz,183,17,195,597,45-49,47,Alagoas,BRA,---,3697,01:27:32,3.9 km,00:04:27,05:50:42,180.2 km,00:04:04,04:23:59,42.2 km,11:50:44
Fabio Antunes,184,44,196,274,30-34,33,Distrito Federal,BRA,---,3285,01:04:07,3.9 km,00:03:02,05:37:36,180.2 km,00:06:45,05:01:10,42.2 km,11:52:40
Rodrigo Guilherme De Jurema,185,39,197,511,40-44,---,AL,BRA,---,3311,01:29:32,3.9 km,00:06:38,06:04:47,180.2 km,00:06:39,04:08:10,42.2 km,11:55:46
Fabrini Peixoto Carvalho,186,45,198,313,30-34,30,Ceará,BRA,---,3234,01:07:14,3.9 km,00:01:54,05:57:44,180.2 km,00:04:56,04:45:11,42.2 km,11:56:59
Pedro Angelo Bastos De Oliveira Lessa Lessa,187,8,199,639,50-54,---,CE,BRA,---,4296,01:09:12,3.9 km,00:03:19,05:57:32,180.2 km,00:04:57,04:42:15,42.2 km,11:57:15
Gustavo Borim Zuim,188,18,200,184,25-29,30,-,BRA,---,3223,01:03:52,3.9 km,00:03:47,05:50:24,180.2 km,00:06:26,04:53:41,42.2 km,11:58:10
Lindenberg Cesario De Oliveira Cesário De Oliveira,189,54,201,350,35-39,39,---,BRA,---,3032,01:18:44,3.9 km,00:05:02,06:00:15,180.2 km,00:03:40,04:30:39,42.2 km,11:58:20
Olímpio Tavares,190,46,202,298,30-34,---,AL,BRA,---,3216,01:07:11,3.9 km,00:04:51,06:08:48,180.2 km,00:05:39,04:31:59,42.2 km,11:58:28
Henning Fels,191,55,203,353,35-39,38,Other,DEU,---,3026,01:14:47,3.9 km,00:03:02,05:48:29,180.2 km,00:04:27,04:48:08,42.2 km,11:58:53
Rachel Aline Frota De Accioly Sousa,13,2,204,109,25-29,---,Ce,BRA,---,4361,01:42:52,3.9 km,00:02:52,06:12:36,180.2 km,00:03:17,03:57:36,42.2 km,11:59:13
Daniel Ferreira,192,56,205,424,35-39,36,PI,BRA,---,3021,01:13:37,3.9 km,00:05:53,05:36:01,180.2 km,00:08:02,04:55:44,42.2 km,11:59:17
Phil Saussus,193,9,206,624,50-54,55,---,BEL,---,4271,01:22:39,3.9 km,00:02:37,05:56:10,180.2 km,00:05:28,04:32:23,42.2 km,11:59:17
Anderson Goncalves,194,18,207,714,45-49,46,SP,BRA,---,3593,01:05:02,3.9 km,00:05:50,06:08:58,180.2 km,00:06:52,04:32:43,42.2 km,11:59:25
Hernando Castro,195,19,208,592,45-49,47,Intl State,VEN,---,3575,01:15:25,3.9 km,00:05:17,05:53:58,180.2 km,00:05:25,04:40:50,42.2 km,12:00:55
Claudio S T Flores,196,4,209,678,55-59,---,---,BRA,---,4190,01:07:06,3.9 km,00:04:26,06:02:03,180.2 km,00:03:07,04:44:58,42.2 km,12:01:40
Bertrand Hubert,197,57,210,430,35-39,36,Aquitaine,FRA,---,2987,00:50:27,3.9 km,00:04:09,05:38:35,180.2 km,00:04:14,05:24:40,42.2 km,12:02:05
Nicole De Bom,14,3,211,117,30-34,32,---,BRA,---,4345,01:26:11,3.9 km,00:02:52,06:01:48,180.2 km,00:04:25,04:27:47,42.2 km,12:03:03
Luiz Eduardo Regadas Montezuma Montezuma,198,40,212,458,40-44,44,---,BRA,---,3219,01:10:20,3.9 km,00:04:03,05:53:14,180.2 km,00:06:41,04:49:12,42.2 km,12:03:30
Peter Gruber,199,5,213,674,55-59,56,Intl State,AUT,---,4160,01:15:18,3.9 km,00:04:02,06:26:10,180.2 km,00:06:54,04:11:43,42.2 km,12:04:07
Orlando Anzoategui Jr.,200,41,214,440,40-44,---,---,BRA,---,3207,01:26:55,3.9 km,00:03:49,06:15:47,180.2 km,00:06:42,04:11:13,42.2 km,12:04:26
Fabiano Paes,201,42,215,457,40-44,44,Alagoas,BRA,---,3203,01:12:18,3.9 km,00:02:17,05:25:56,180.2 km,00:03:04,05:21:12,42.2 km,12:04:47
Francisco Lucidio De Queiroz Junior,202,10,216,644,50-54,52,---,BRA,---,4196,01:14:17,3.9 km,00:06:19,05:50:38,180.2 km,00:05:07,04:49:13,42.2 km,12:05:34
Adler Oliveira,203,47,217,291,30-34,---,PA,BRA,---,3126,01:10:29,3.9 km,00:05:20,06:07:31,180.2 km,00:05:47,04:36:50,42.2 km,12:05:57
Joaoneci Martins De Oliveira Junior,204,58,218,402,35-39,---,CE,BRA,---,2935,01:20:55,3.9 km,00:06:19,05:54:22,180.2 km,00:05:49,04:39:00,42.2 km,12:06:25
Carlos Washington Teixeira Lobao,205,59,219,703,35-39,---,DF,BRA,---,2919,01:15:43,3.9 km,00:03:41,06:15:24,180.2 km,00:04:02,04:28:56,42.2 km,12:07:46
Lucas Porfírio,206,6,220,168,18-24,25,MA,BRA,---,3402,01:13:56,3.9 km,00:03:05,05:56:31,180.2 km,00:05:10,04:49:39,42.2 km,12:08:21
Rafael Araujo Ferreira De Souza,207,48,221,705,30-34,33,Intl State,BRA,---,3094,00:56:23,3.9 km,00:01:41,05:49:40,180.2 km,00:02:16,05:18:35,42.2 km,12:08:35
Francisco Idelvan Fernandes Magalhaes Junior,208,19,222,208,25-29,27,Ceará,BRA,---,3097,01:22:18,3.9 km,00:06:13,06:17:32,180.2 km,00:07:09,04:15:28,42.2 km,12:08:40
Cruiff Emerson Pinto Da Silva,209,43,223,524,40-44,41,ceará,BRA,---,3155,01:19:28,3.9 km,00:03:05,05:48:13,180.2 km,00:05:03,04:53:00,42.2 km,12:08:49
Eduardo Gomes Junior,210,49,224,249,30-34,---,---,BRA,---,3087,01:13:44,3.9 km,00:04:38,06:08:06,180.2 km,00:07:53,04:34:50,42.2 km,12:09:11
Rubens Cavalcante Neto,211,60,225,404,35-39,37,Intl State,BRA,---,2884,01:11:54,3.9 km,00:03:13,06:10:15,180.2 km,00:05:03,04:40:14,42.2 km,12:10:39
Corrinha Vasconcelos,15,4,226,115,30-34,---,PI,BRA,---,4245,01:32:16,3.9 km,00:05:21,06:31:10,180.2 km,00:02:11,04:00:28,42.2 km,12:11:26
Joao Jose Da Silva Junior,212,44,227,482,40-44,---,---,BRA,---,3116,01:04:22,3.9 km,00:05:45,06:20:39,180.2 km,00:04:55,04:36:21,42.2 km,12:12:02
KIM CORDEIRO,213,45,228,445,40-44,45,---,PRT,---,3114,01:14:38,3.9 km,00:03:01,05:57:00,180.2 km,00:04:33,04:53:00,42.2 km,12:12:12
Jose Luis Pirronitto,214,46,229,514,40-44,42,Intl State,ARG,---,3111,01:03:19,3.9 km,00:02:29,05:48:54,180.2 km,00:04:51,05:12:54,42.2 km,12:12:27
Philippe Gondre,215,11,230,635,50-54,53,Intl State,FRA,---,4110,01:04:46,3.9 km,00:03:34,06:02:38,180.2 km,00:05:06,04:56:37,42.2 km,12:12:41
Jorge Henrique Arbex Arbex,216,47,231,462,40-44,---,RJ,BRA,---,3095,01:05:52,3.9 km,00:02:36,05:48:23,180.2 km,00:08:33,05:08:25,42.2 km,12:13:49
Alexandre De Jesus Dias Dias,217,48,232,450,40-44,---,MT,BRA,---,3091,01:34:28,3.9 km,00:05:25,06:00:03,180.2 km,00:03:48,04:30:23,42.2 km,12:14:07
Nicklas Safstrom,218,61,233,346,35-39,39,SE,SWE,---,2842,01:10:17,3.9 km,00:03:27,05:33:55,180.2 km,00:02:36,05:23:55,42.2 km,12:14:10
Hebert Assis Dos Reis,219,62,234,367,35-39,38,ce,BRA,---,2840,01:31:40,3.9 km,00:09:13,06:01:44,180.2 km,00:05:59,04:25:45,42.2 km,12:14:21
Hedla Lopes,16,1,235,165,55-59,58,Intl State,BRA,---,5000,01:05:53,3.9 km,00:02:13,06:33:08,180.2 km,00:02:58,04:31:45,42.2 km,12:15:57
Jose Atouan,220,50,236,244,30-34,34,FL,VEN,---,3000,01:07:30,3.9 km,00:05:46,06:34:39,180.2 km,00:06:03,04:22:27,42.2 km,12:16:25
Raul Torres De Sa,221,12,237,646,50-54,52,HI,USA,---,4064,01:04:54,3.9 km,00:02:43,06:02:07,180.2 km,00:07:29,04:59:22,42.2 km,12:16:35
Rodrigo Jorge Lima,222,63,238,399,35-39,---,CE,BRA,---,2813,01:17:25,3.9 km,00:04:52,06:09:43,180.2 km,00:08:16,04:36:19,42.2 km,12:16:35
Luiz Henrique  Vidal Castilho,223,7,239,179,18-24,---,SP,BRA,---,3291,01:18:34,3.9 km,00:08:02,06:01:41,180.2 km,00:06:16,04:43:05,42.2 km,12:17:38
Jorge Moran,224,20,240,620,45-49,45,PR,BRA,---,3366,01:13:59,3.9 km,00:04:10,06:40:18,180.2 km,00:06:03,04:13:49,42.2 km,12:18:19
Rafael Augusto Aragon Rodrigues,225,64,241,405,35-39,---,---,BRA,---,2779,01:08:55,3.9 km,00:02:34,06:06:03,180.2 km,00:05:04,04:56:48,42.2 km,12:19:24
Fred Alves,226,65,242,323,35-39,40,-,BRA,---,2779,01:36:51,3.9 km,00:03:49,05:53:56,180.2 km,00:04:56,04:39:53,42.2 km,12:19:25
Gustavo Duarte,227,21,243,611,45-49,46,SP,BRA,---,3348,01:07:33,3.9 km,00:06:07,06:01:33,180.2 km,00:10:18,04:54:21,42.2 km,12:19:52
Fabio Maia,228,20,244,189,25-29,---,---,BRA,---,2953,01:18:12,3.9 km,00:01:43,05:53:46,180.2 km,00:02:14,05:04:44,42.2 km,12:20:39
Cordella Junior,229,66,245,389,35-39,37,RJ,BRA,---,2763,---,3.9 km,01:11:55,05:41:05,180.2 km,00:15:03,05:12:44,42.2 km,12:20:47
Marcelo De Marchi,230,49,246,444,40-44,45,SP,BRA,---,3009,01:10:36,3.9 km,00:04:01,05:49:13,180.2 km,00:04:51,05:12:18,42.2 km,12:20:59
Guilherme Tedeschi,231,51,247,231,30-34,35,SP,BRA,---,2945,01:01:50,3.9 km,00:03:24,05:54:22,180.2 km,00:05:03,05:16:25,42.2 km,12:21:04
Charles Albani Dadam,232,13,248,632,50-54,54,SANTA CATARINA,BRA,---,4004,01:13:47,3.9 km,00:03:55,05:54:13,180.2 km,00:05:02,05:04:37,42.2 km,12:21:34
Jorge Barreea,233,22,249,581,45-49,48,cordoba,ARG,---,3320,01:41:28,3.9 km,00:05:49,06:01:05,180.2 km,00:05:21,04:28:27,42.2 km,12:22:10
Natalia Caffaro,17,2,250,152,45-49,46,Intl State,ARG,---,4577,01:14:13,3.9 km,00:01:51,06:16:49,180.2 km,00:03:33,04:45:50,42.2 km,12:22:16
Diego Ciani,234,6,251,673,55-59,56,Intl State,ARG,---,3924,01:34:28,3.9 km,00:04:57,06:06:28,180.2 km,00:04:43,04:33:12,42.2 km,12:23:48
Deoclecio Paiva De Castro,235,52,252,288,30-34,32,Ceará,BRA,---,2911,01:15:53,3.9 km,00:05:24,05:44:46,180.2 km,00:08:20,05:09:31,42.2 km,12:23:54
Pedro Morganti,236,14,253,634,50-54,53,sao paulo,BRA,---,3966,01:01:53,3.9 km,00:05:36,05:48:20,180.2 km,00:03:49,05:25:04,42.2 km,12:24:42
Andrei Achcar,237,53,254,263,30-34,34,Distrito Federal,BRA,---,2900,01:03:13,3.9 km,00:04:49,05:59:50,180.2 km,00:09:10,05:07:43,42.2 km,12:24:45
Rodrigo C Conde,238,67,255,417,35-39,36,DF,BRA,---,2714,01:22:53,3.9 km,00:06:35,06:18:37,180.2 km,00:08:43,04:28:04,42.2 km,12:24:52
Allan Emanuel Dos Santos Silva,239,68,256,441,35-39,---,---,BRA,---,2695,01:20:13,3.9 km,00:04:48,06:09:17,180.2 km,00:05:58,04:46:08,42.2 km,12:26:24
Leonardo De Carvalho Starling,240,50,257,529,40-44,---,---,BRA,---,2942,01:17:17,3.9 km,00:03:50,06:13:16,180.2 km,00:04:56,04:47:12,42.2 km,12:26:31
Bruno Lira Siqueira,241,54,258,245,30-34,34,Ceará,BRA,---,2878,01:13:45,3.9 km,00:07:52,05:51:23,180.2 km,00:03:56,05:09:40,42.2 km,12:26:36
Sergio Bassichetto,242,23,259,576,45-49,---,Sc,BRA,---,3256,01:19:18,3.9 km,00:03:52,06:32:34,180.2 km,00:05:33,04:26:13,42.2 km,12:27:30
Carolina Militao,18,3,260,692,25-29,28,CE,BRA,---,4010,01:31:38,3.9 km,00:03:24,06:32:31,180.2 km,00:04:16,04:16:38,42.2 km,12:28:27
Davi Galdino,243,55,261,277,30-34,---,PB,BRA,---,2854,---,3.9 km,01:11:59,06:22:43,180.2 km,00:10:25,04:43:31,42.2 km,12:28:38
Sergio Lobo Pinto,244,7,262,662,55-59,60,---,BRA,---,3862,01:28:24,3.9 km,00:08:08,05:53:54,180.2 km,00:06:22,04:52:11,42.2 km,12:28:59
Jaques Correa De Almeida Jr,245,69,263,338,35-39,39,ES,BRA,---,2661,01:33:48,3.9 km,00:07:29,05:57:23,180.2 km,00:04:18,04:46:16,42.2 km,12:29:14
Paulo Rabelo,246,70,264,422,35-39,36,---,BRA,---,2650,01:13:15,3.9 km,00:03:59,06:09:19,180.2 km,00:04:58,04:58:38,42.2 km,12:30:09
Mariana Piza,19,2,265,142,40-44,43,SP,BRA,---,4449,01:26:13,3.9 km,00:04:43,06:40:01,180.2 km,00:04:39,04:16:43,42.2 km,12:32:19
Diogenes Mascarenhas Silva,247,56,266,271,30-34,---,CE,BRA,---,2809,01:17:04,3.9 km,00:06:15,05:57:23,180.2 km,00:08:35,05:03:07,42.2 km,12:32:24
Anderson Silva  Damasceno,248,71,267,373,35-39,---,BA,BRA,---,2620,01:05:24,3.9 km,00:03:33,06:16:05,180.2 km,00:07:48,04:59:50,42.2 km,12:32:40
patric silva de castro,249,72,268,401,35-39,37,---,BRA,---,2615,01:13:18,3.9 km,00:05:12,06:21:19,180.2 km,00:05:20,04:47:59,42.2 km,12:33:08
Jose Azevedo,250,51,269,469,40-44,44,Intl State,BRA,---,2832,01:23:34,3.9 km,00:08:18,06:24:09,180.2 km,00:10:09,04:29:32,42.2 km,12:35:42
Arnaldo Tome,251,21,270,204,25-29,---,CE,BRA,---,2767,01:10:18,3.9 km,00:04:52,06:24:19,180.2 km,00:05:40,04:50:59,42.2 km,12:36:08
Paula Miotto,20,6,271,125,35-39,39,---,BRA,---,3667,01:23:06,3.9 km,00:02:37,06:27:24,180.2 km,00:06:35,04:36:29,42.2 km,12:36:11
Paulo Roberto Morelli Filho,252,57,272,223,30-34,---,SP,BRA,---,2746,01:13:58,3.9 km,00:06:41,06:45:35,180.2 km,00:09:57,04:21:24,42.2 km,12:37:35
Jose Luiz Da Silva  Junior,253,8,273,669,55-59,---,AL,BRA,---,3753,01:27:42,3.9 km,00:08:34,06:22:59,180.2 km,00:12:16,04:26:31,42.2 km,12:38:02
Victor Parahyba,254,58,274,266,30-34,---,CE,BRA,---,2741,01:16:31,3.9 km,00:04:11,06:00:57,180.2 km,00:05:17,05:11:08,42.2 km,12:38:04
Paulo Joaquim Souza Braga,255,59,275,292,30-34,32,---,BRA,---,2737,01:28:14,3.9 km,00:03:02,05:51:18,180.2 km,00:07:41,05:08:06,42.2 km,12:38:21
Berrospi Berrospi,256,52,276,460,40-44,44,SP,PER,---,2776,01:22:05,3.9 km,00:03:46,06:04:08,180.2 km,00:05:19,05:05:04,42.2 km,12:40:22
Emerson Betta,257,53,277,480,40-44,43,RJ,BRA,---,2775,01:14:59,3.9 km,00:05:45,06:17:56,180.2 km,00:06:17,04:55:31,42.2 km,12:40:28
Joao Peres Fuentes,258,54,278,695,40-44,---,SAO PAULO,BRA,---,2763,01:32:16,3.9 km,00:05:24,05:51:07,180.2 km,00:17:33,04:55:06,42.2 km,12:41:26
Larissa Segeren,21,4,279,104,25-29,30,sao paulo,BRA,---,3848,01:07:05,3.9 km,00:03:11,06:39:22,180.2 km,00:02:21,04:50:02,42.2 km,12:42:01
Orival Andries Junior,259,9,280,665,55-59,59,São Paulo,BRA,---,3706,01:05:01,3.9 km,00:03:19,06:21:54,180.2 km,00:06:38,05:05:09,42.2 km,12:42:01
Henrique Augusto Lima Araujo,260,15,281,649,50-54,51,CE,BRA,---,3751,01:47:19,3.9 km,00:05:51,06:06:10,180.2 km,00:06:21,04:36:57,42.2 km,12:42:38
Pablo Amato,261,55,282,477,40-44,43,Other,ARG,---,2748,01:21:14,3.9 km,00:03:59,05:54:42,180.2 km,00:09:04,05:13:42,42.2 km,12:42:41
Marcelo Princi Vilela Dimas,262,73,283,334,35-39,40,rio de janeio,BRA,---,2497,01:24:36,3.9 km,00:05:09,06:20:29,180.2 km,00:08:03,04:44:40,42.2 km,12:42:57
Jorge Falabella,263,56,284,523,40-44,41,Buenos Aires,ARG,---,2730,01:10:35,3.9 km,00:05:00,06:22:07,180.2 km,00:06:27,05:00:04,42.2 km,12:44:13
Pablo Veron,264,24,285,575,45-49,48,buenos aires,ARG,---,3048,01:04:48,3.9 km,00:03:11,06:05:38,180.2 km,00:04:10,05:27:04,42.2 km,12:44:51
Felipe Mateus Barbosa Rodrigues  Barbosa Rodrigues,265,74,286,427,35-39,---,CE,BRA,---,2473,01:25:26,3.9 km,00:03:45,06:20:21,180.2 km,00:05:09,04:50:14,42.2 km,12:44:55
Shirley Caminha,22,3,287,139,40-44,---,---,BRA,---,4297,01:40:27,3.9 km,00:04:19,06:17:17,180.2 km,00:09:24,04:33:35,42.2 km,12:45:02
Rodnei Noveli,266,75,288,385,35-39,37,sp,BRA,---,2471,01:12:07,3.9 km,00:12:42,06:12:57,180.2 km,00:18:51,04:48:27,42.2 km,12:45:04
Erika Andrea Izidio Szpektor,23,7,289,129,35-39,38,SP,BRA,---,3559,01:28:42,3.9 km,00:04:16,06:29:06,180.2 km,00:04:08,04:39:02,42.2 km,12:45:14
Felipe Clauset,267,60,290,281,30-34,33,São Paulo,BRA,---,2639,01:13:54,3.9 km,00:04:22,06:39:54,180.2 km,00:05:24,04:43:00,42.2 km,12:46:34
Mario Issa Oliveira,268,16,291,657,50-54,51,---,BRA,---,3698,01:26:28,3.9 km,00:05:09,06:17:40,180.2 km,00:05:32,04:52:12,42.2 km,12:47:01
Romildo Moura Andrade Junior,269,61,292,293,30-34,---,CE,BRA,---,2631,01:14:43,3.9 km,00:06:33,06:00:38,180.2 km,00:06:28,05:18:52,42.2 km,12:47:14
Amanda Spadari,24,5,293,187,25-29,---,---,BRA,---,3784,01:26:57,3.9 km,00:09:05,06:39:12,180.2 km,00:06:46,04:25:19,42.2 km,12:47:19
Bruno Ribeiro Veitonis,270,62,294,296,30-34,31,SP,BRA,---,2626,01:21:24,3.9 km,00:04:45,05:44:52,180.2 km,00:06:24,05:30:14,42.2 km,12:47:39
Pablo Ribeiro,271,76,295,388,35-39,37,Ceará,BRA,---,2435,01:16:39,3.9 km,00:05:50,06:17:54,180.2 km,00:05:39,05:02:05,42.2 km,12:48:07
Pablo Casassas,272,25,296,571,45-49,49,---,CHL,---,3007,01:20:01,3.9 km,00:04:44,07:32:24,180.2 km,00:06:34,03:44:33,42.2 km,12:48:16
Felipe Medeiros,273,63,297,234,30-34,---,CE,BRA,---,2617,01:22:15,3.9 km,00:05:54,06:01:57,180.2 km,00:08:09,05:10:08,42.2 km,12:48:23
Ramon Alfonso Monterroso,274,10,298,675,55-59,56,SP,BRA,---,3604,01:18:50,3.9 km,00:04:13,06:26:05,180.2 km,00:03:24,04:57:57,42.2 km,12:50:29
Ismael Nogueira,275,64,299,237,30-34,---,CE,BRA,---,2576,01:17:22,3.9 km,00:03:47,05:58:56,180.2 km,00:05:09,05:26:34,42.2 km,12:51:48
Marcelo Eduardo Gonzalez,276,17,300,660,50-54,51,Cordoba,ARG,---,3640,01:13:48,3.9 km,00:06:50,06:04:58,180.2 km,00:06:24,05:19:54,42.2 km,12:51:54
Fábio Marson Moniz Freire,277,77,301,378,35-39,38,Espírito Santo,BRA,---,2388,01:20:36,3.9 km,00:11:47,06:24:10,180.2 km,00:10:16,04:45:10,42.2 km,12:51:59
Sergio Soares Carvalho,278,57,302,483,40-44,---,DF,BRA,---,2626,01:28:19,3.9 km,00:05:42,06:42:13,180.2 km,00:05:44,04:30:56,42.2 km,12:52:54
Sergio Menezes,279,58,303,506,40-44,42,Ceará,BRA,---,2612,01:18:38,3.9 km,00:07:56,06:11:13,180.2 km,00:05:11,05:11:06,42.2 km,12:54:04
Walter Arnold,280,1,304,691,60-64,64,FL,USA,---,5000,01:10:43,3.9 km,00:06:27,06:23:05,180.2 km,00:06:16,05:08:02,42.2 km,12:54:33
Roberto Vieira,281,65,305,308,30-34,31,Espírito Santo,BRA,---,2523,01:18:58,3.9 km,00:07:19,06:43:19,180.2 km,00:05:49,04:40:47,42.2 km,12:56:12
Airton Silva,282,66,306,284,30-34,32,DF,BRA,---,2522,01:37:52,3.9 km,00:04:42,06:01:05,180.2 km,00:06:10,05:06:28,42.2 km,12:56:17
Rodrigo Camargo,283,78,307,400,35-39,37,DF,BRA,---,2326,01:31:35,3.9 km,00:05:18,06:47:30,180.2 km,00:06:08,04:26:42,42.2 km,12:57:13
Roger Weingartner,284,26,308,585,45-49,48,---,BRA,---,2898,01:26:47,3.9 km,00:07:43,06:40:41,180.2 km,00:08:43,04:33:26,42.2 km,12:57:20
Marcus Rocha,285,67,309,248,30-34,---,BA,BRA,---,2507,01:27:23,3.9 km,00:07:56,06:37:17,180.2 km,00:09:33,04:35:21,42.2 km,12:57:30
Rafael Matucheski Neto,286,22,310,211,25-29,---,PR,BRA,---,2503,01:16:47,3.9 km,00:03:20,05:48:03,180.2 km,00:04:00,05:45:56,42.2 km,12:58:06
Claudio Ibiapina,287,27,311,578,45-49,---,CE,BRA,---,2886,01:22:09,3.9 km,00:09:53,06:25:15,180.2 km,00:08:29,04:52:33,42.2 km,12:58:19
Carlo Cannavacciuolo Junior,288,59,312,544,40-44,40,Intl State,BRA,---,2560,01:19:21,3.9 km,00:03:41,06:34:28,180.2 km,00:06:18,04:54:34,42.2 km,12:58:22
Paulo Fontenele,289,8,313,173,18-24,25,CEARÁ,BRA,---,2799,01:07:05,3.9 km,00:04:15,06:34:44,180.2 km,00:06:26,05:06:06,42.2 km,12:58:36
Marcio Tavares,290,60,314,547,40-44,40,sao paulo,BRA,---,2550,01:27:09,3.9 km,00:05:23,06:39:15,180.2 km,00:10:36,04:36:52,42.2 km,12:59:15
Frederico Barroso,291,28,315,613,45-49,---,CE,BRA,---,2871,01:21:56,3.9 km,00:05:36,06:27:21,180.2 km,00:05:24,04:59:21,42.2 km,12:59:38
Aristoteles Teixeira,292,79,316,431,35-39,---,---,BRA,---,2292,01:08:23,3.9 km,00:06:18,06:55:11,180.2 km,00:06:37,04:43:33,42.2 km,13:00:02
Nicolas Arballo,293,61,317,538,40-44,41,CORRIENTES,ARG,---,2538,01:27:48,3.9 km,00:07:52,06:33:49,180.2 km,00:04:46,04:45:56,42.2 km,13:00:11
Camilo Torres,294,68,318,239,30-34,---,CE,BRA,---,2462,01:16:20,3.9 km,00:05:28,06:08:35,180.2 km,00:09:35,05:21:19,42.2 km,13:01:17
Cyril Ferry,295,80,319,349,35-39,39,FR,FRA,---,2259,01:27:46,3.9 km,00:06:08,06:36:49,180.2 km,00:07:20,04:44:43,42.2 km,13:02:46
Samuel Leite Castelo,296,81,320,316,35-39,40,ceara,BRA,---,2257,01:01:22,3.9 km,00:03:40,06:54:42,180.2 km,00:08:27,04:54:46,42.2 km,13:02:57
Ananias Carvalho,297,69,321,218,30-34,---,RN,BRA,---,2435,01:15:41,3.9 km,00:02:40,05:49:59,180.2 km,00:06:34,05:48:37,42.2 km,13:03:31
Rafael Alves De Oliveira,298,70,322,261,30-34,34,RJ,BRA,---,2435,01:15:26,3.9 km,00:04:24,06:00:03,180.2 km,00:07:46,05:35:55,42.2 km,13:03:34
Wendy Miki Glaus,25,2,323,155,50-54,54,HI,USA,---,4006,01:24:49,3.9 km,00:03:37,06:42:03,180.2 km,00:04:20,04:48:57,42.2 km,13:03:46
Rogerio Veras Rocha,299,62,324,488,40-44,---,CE,BRA,---,2495,01:16:02,3.9 km,00:05:52,06:45:28,180.2 km,00:05:47,04:50:37,42.2 km,13:03:46
Mirko Tuš,300,11,325,666,55-59,59,slovenija,SVN,---,3442,01:12:35,3.9 km,00:03:17,06:13:18,180.2 km,00:03:06,05:31:41,42.2 km,13:03:57
Agustin Diaz Carvalho,301,23,326,200,25-29,28,Buenos Aires,ARG,---,2421,01:13:30,3.9 km,00:06:36,06:40:07,180.2 km,00:06:35,04:58:09,42.2 km,13:04:57
Antonio Chagas Junior,302,63,327,535,40-44,41,Ceará,BRA,---,2478,01:28:45,3.9 km,00:06:16,06:37:14,180.2 km,00:04:22,04:48:34,42.2 km,13:05:11
Adriano Brito,303,82,328,394,35-39,---,SP,BRA,---,2230,01:41:51,3.9 km,00:02:44,06:28:03,180.2 km,00:08:48,04:43:46,42.2 km,13:05:12
Gabriel Andres Perrotta,304,64,329,456,40-44,44,buenos aires,ARG,---,2464,01:23:08,3.9 km,00:04:28,06:13:03,180.2 km,00:06:26,05:19:17,42.2 km,13:06:22
Tom Holland,305,29,330,600,45-49,47,CT,USA,---,2788,01:21:27,3.9 km,00:06:49,06:29:01,180.2 km,00:07:17,05:01:55,42.2 km,13:06:29
Rodrigo Cardoso Da Silva,306,24,331,214,25-29,26,---,BRA,---,2401,01:22:53,3.9 km,00:05:33,06:35:20,180.2 km,00:07:59,04:54:55,42.2 km,13:06:40
Edizan Pinto Goncalves,307,83,332,317,35-39,40,ceara,BRA,---,2202,01:15:29,3.9 km,00:05:28,06:35:46,180.2 km,00:08:14,05:02:36,42.2 km,13:07:33
Mark Schoonhoven,308,30,333,558,45-49,50,---,NLD,---,2759,01:30:54,3.9 km,00:02:54,06:15:13,180.2 km,00:02:34,05:17:21,42.2 km,13:08:56
Marcelo Tavares Goleg??,309,65,334,554,40-44,40,RJ,BRA,---,2431,01:46:15,3.9 km,00:06:11,06:15:04,180.2 km,00:07:18,04:54:20,42.2 km,13:09:08
Jose Alcon,310,31,335,572,45-49,49,buenos aires,ARG,---,2750,01:11:22,3.9 km,00:04:57,06:00:21,180.2 km,00:07:31,05:45:30,42.2 km,13:09:41
Marcus Victor,311,25,336,197,25-29,---,MG,BRA,---,2340,01:17:13,3.9 km,00:04:06,06:23:28,180.2 km,00:07:23,05:19:31,42.2 km,13:11:41
Alexandre Marcelo Rodrigues Lima,312,84,337,335,35-39,40,Intl State,BRA,---,2151,01:35:59,3.9 km,00:05:39,06:09:12,180.2 km,00:06:07,05:14:49,42.2 km,13:11:46
Marcio Silva Costa Costa,313,85,338,387,35-39,---,CE,BRA,---,2145,01:35:28,3.9 km,00:14:49,06:33:03,180.2 km,00:07:47,04:41:10,42.2 km,13:12:17
Jose Barreto Parente Neto Barreto,314,86,339,322,35-39,40,CE,BRA,---,2139,01:09:56,3.9 km,00:09:59,06:10:25,180.2 km,00:08:04,05:34:22,42.2 km,13:12:46
Hugo Omar Truncellito,315,12,340,676,55-59,56,Georgia,ARG,---,3336,01:13:40,3.9 km,00:03:18,06:19:03,180.2 km,00:05:15,05:31:35,42.2 km,13:12:51
Joaquim Jose Cavalcanti De Alencar,316,18,341,638,50-54,53,---,BRA,---,3384,01:49:46,3.9 km,00:10:36,06:23:30,180.2 km,00:07:12,04:42:07,42.2 km,13:13:11
Antonio Aslan,317,66,342,487,40-44,43,FL,VEN,---,2375,01:07:38,3.9 km,00:06:00,06:50:54,180.2 km,00:07:59,05:01:17,42.2 km,13:13:48
Adonis Santana Fonseca,318,67,343,525,40-44,41,---,BRA,---,2370,01:07:41,3.9 km,00:07:49,06:32:54,180.2 km,00:02:16,05:23:31,42.2 km,13:14:11
Priscila Leao Viana,26,5,344,113,30-34,34,Pará,BRA,---,3492,01:03:35,3.9 km,00:04:28,06:30:09,180.2 km,00:04:10,05:31:49,42.2 km,13:14:11
Iunys Praciano De Carvalho,319,68,345,486,40-44,---,CE,BRA,---,2361,01:19:48,3.9 km,00:14:54,06:32:31,180.2 km,00:39:30,04:28:13,42.2 km,13:14:56
Leonardo Magalhães,320,69,346,549,40-44,40,Ceara,BRA,---,2334,---,3.9 km,---,---,180.2 km,---,13:17:11,42.2 km,13:17:11
Carla Guerra,27,4,347,494,40-44,---,AA,BRA,---,3898,01:09:05,3.9 km,00:04:38,06:32:20,180.2 km,00:05:02,05:27:09,42.2 km,13:18:14
Moacir Yoshida,321,19,348,656,50-54,51,Paraná,BRA,---,3323,01:27:10,3.9 km,00:04:31,06:06:42,180.2 km,00:03:43,05:36:13,42.2 km,13:18:19
Juliano Foss,322,71,349,221,30-34,---,---,BRA,---,2241,01:46:24,3.9 km,00:01:44,05:47:10,180.2 km,00:05:55,05:38:30,42.2 km,13:19:43
Jorge Ernani Cunha,323,72,350,268,30-34,33,---,BRA,---,2228,01:32:59,3.9 km,00:06:52,06:45:01,180.2 km,00:05:18,04:50:35,42.2 km,13:20:45
Benesio Peixoto,324,20,351,650,50-54,---,CE,BRA,---,3282,01:38:56,3.9 km,00:08:33,06:28:38,180.2 km,00:07:18,04:58:16,42.2 km,13:21:41
Luiz Carlos Cassemiro,325,13,352,668,55-59,58,DF,BRA,---,3225,01:27:07,3.9 km,00:13:26,06:16:54,180.2 km,00:06:58,05:17:40,42.2 km,13:22:05
Diego Lomonaco Vasconcelos Oliveira,326,73,353,273,30-34,0,CE,BRA,---,2208,01:10:55,3.9 km,00:03:10,07:23:42,180.2 km,00:06:03,04:38:36,42.2 km,13:22:26
Eduardo Arroyo,327,32,354,566,45-49,49,Lima,CHL,---,2567,02:18:46,3.9 km,00:08:36,06:12:11,180.2 km,00:12:43,04:32:41,42.2 km,13:24:57
Andre Lira,328,70,355,459,40-44,---,CE,BRA,---,2237,01:40:37,3.9 km,00:05:09,06:43:17,180.2 km,00:23:02,04:33:12,42.2 km,13:25:17
Mariana Ernani Moura Marques,28,6,356,118,30-34,32,SAO PAULO,BRA,---,3346,01:15:16,3.9 km,00:05:50,06:47:32,180.2 km,00:05:16,05:12:24,42.2 km,13:26:18
RENATO CALDAS DOS SANTOS,329,74,357,265,30-34,34,---,BRA,---,2140,01:33:55,3.9 km,00:07:03,06:34:54,180.2 km,00:08:34,05:03:41,42.2 km,13:28:07
Elcio Queiroz,330,87,358,379,35-39,36,CEARA,BRA,---,1931,01:24:10,3.9 km,00:08:54,06:36:50,180.2 km,00:07:29,05:12:44,42.2 km,13:30:07
Diego Maurizi,331,71,359,463,40-44,44,Intl State,ARG,---,2173,01:21:46,3.9 km,00:07:17,06:43:55,180.2 km,00:07:42,05:09:56,42.2 km,13:30:36
Glendy Escalona,29,8,360,136,35-39,36,Intl State,VEN,---,3013,01:07:31,3.9 km,00:04:05,07:02:51,180.2 km,00:04:53,05:11:21,42.2 km,13:30:41
Rudney Daltro  De Macedo,332,88,361,419,35-39,---,BA,BRA,---,1920,01:49:10,3.9 km,00:06:13,06:26:16,180.2 km,00:10:15,04:59:08,42.2 km,13:31:02
Luigi Linhares  Tavares,333,75,362,272,30-34,---,---,BRA,---,2099,01:50:29,3.9 km,00:06:06,06:34:05,180.2 km,00:09:40,04:51:11,42.2 km,13:31:31
Andre Luis Lima Correia,334,72,363,512,40-44,---,CE,BRA,---,2156,01:38:22,3.9 km,00:06:08,06:35:49,180.2 km,00:07:14,05:04:28,42.2 km,13:32:01
Mariusz Mazur,335,89,364,336,35-39,39,HI,POL,---,1903,01:34:44,3.9 km,00:07:20,06:29:01,180.2 km,00:05:37,05:15:44,42.2 km,13:32:26
Jessey Gutierrez,336,73,365,497,40-44,42,FL,VEN,---,2127,01:39:28,3.9 km,00:08:40,06:34:30,180.2 km,00:18:39,04:53:10,42.2 km,13:34:27
Rodrigo Jose Saenz Surita,337,21,366,630,50-54,---,SP,BRA,---,3127,01:18:28,3.9 km,00:06:40,06:43:33,180.2 km,00:07:30,05:18:29,42.2 km,13:34:40
Dave Loughlin,338,76,367,305,30-34,31,England,GBR,---,2059,01:19:37,3.9 km,00:05:40,06:15:19,180.2 km,00:22:37,05:31:39,42.2 km,13:34:52
Anderson Ferreira Ribas Assuncao,339,90,368,369,35-39,38,SP,BRA,---,1872,01:29:47,3.9 km,00:08:53,07:02:09,180.2 km,00:08:16,04:45:54,42.2 km,13:34:59
Fernando Sampaio,340,91,369,410,35-39,36,SP,BRA,---,1862,01:32:38,3.9 km,00:03:38,06:15:21,180.2 km,00:07:50,05:36:25,42.2 km,13:35:52
Nivaldo Moura Filho,341,33,370,604,45-49,---,CE,BRA,---,2434,01:43:41,3.9 km,00:05:57,06:25:36,180.2 km,00:11:42,05:09:05,42.2 km,13:36:01
Aurea Amaral,30,6,371,103,25-29,---,---,BRA,---,3193,01:34:17,3.9 km,00:08:34,07:01:05,180.2 km,00:12:34,04:40:05,42.2 km,13:36:35
Renata Correia,31,7,372,116,30-34,33,Piauí,BRA,---,3214,01:35:44,3.9 km,00:07:37,06:35:53,180.2 km,00:04:13,05:13:52,42.2 km,13:37:19
Vinícius Magalhães,342,92,373,345,35-39,39,Ceará,BRA,---,1818,01:25:06,3.9 km,00:04:25,06:53:13,180.2 km,00:06:34,05:10:11,42.2 km,13:39:29
Emerson Carara,343,74,374,470,40-44,43,---,BRA,---,2066,01:35:34,3.9 km,00:08:30,06:43:56,180.2 km,00:07:00,05:04:31,42.2 km,13:39:31
Joel Kriger,344,2,375,682,60-64,62,Parana,BRA,---,4448,00:59:07,3.9 km,00:10:35,07:30:24,180.2 km,00:05:32,04:54:55,42.2 km,13:40:33
Ricardo Mima,345,77,376,252,30-34,---,---,BRA,---,1977,01:33:22,3.9 km,00:06:50,06:08:33,180.2 km,00:05:33,05:47:22,42.2 km,13:41:40
Felipe Tebes,346,34,377,602,45-49,47,Intl State,ARG,---,2349,01:24:05,3.9 km,00:05:23,06:42:41,180.2 km,00:10:12,05:20:44,42.2 km,13:43:05
Thyago de Lellys,347,93,378,428,35-39,36,PA,BRA,---,1767,01:17:45,3.9 km,00:06:57,07:11:13,180.2 km,00:05:17,05:02:35,42.2 km,13:43:47
Rebeca Martino,32,5,379,138,40-44,45,São Paulo,BRA,---,3585,01:25:15,3.9 km,00:03:21,07:11:25,180.2 km,---,05:04:18,42.2 km,13:44:19
Thomaz Maia,348,26,380,199,25-29,28,Ceará,BRA,---,1944,01:21:46,3.9 km,00:08:14,06:37:31,180.2 km,00:10:02,05:27:11,42.2 km,13:44:44
Paulo Ricardo Dos Santos,349,78,381,230,30-34,---,SP,BRA,---,1939,01:31:53,3.9 km,00:08:54,07:10:00,180.2 km,00:05:52,04:48:12,42.2 km,13:44:51
Andre Mota,350,75,382,475,40-44,43,Ceará,BRA,---,2000,01:41:11,3.9 km,00:04:48,06:15:40,180.2 km,00:09:15,05:34:07,42.2 km,13:45:01
Ferdinand Soliman Erfe,351,35,383,616,45-49,46,---,PHL,---,2315,01:35:56,3.9 km,00:08:00,07:00:17,180.2 km,00:08:17,04:53:26,42.2 km,13:45:56
Plinio Pereira,352,76,384,437,40-44,45,---,BRA,---,1982,01:16:55,3.9 km,00:06:03,06:25:32,180.2 km,00:06:38,05:51:25,42.2 km,13:46:33
Jose Gercione Pinheiro,353,36,385,594,45-49,47,CE,BRA,---,2300,01:54:12,3.9 km,00:07:58,06:38:21,180.2 km,00:08:46,04:57:55,42.2 km,13:47:12
Anderson Lira Dias,354,77,386,493,40-44,42,Ceará,BRA,---,1969,01:16:32,3.9 km,00:02:53,06:09:49,180.2 km,00:05:46,06:12:36,42.2 km,13:47:36
Samuel Carone,355,94,387,434,35-39,35,RJ,BRA,---,1716,01:08:35,3.9 km,00:06:17,06:44:09,180.2 km,00:09:16,05:39:46,42.2 km,13:48:03
Daniel Aragao Abreu,356,95,388,319,35-39,40,Ceará,BRA,---,1700,01:39:37,3.9 km,00:06:28,06:49:55,180.2 km,00:09:46,05:03:37,42.2 km,13:49:23
Flavia Dalva Andrade Aragao,33,6,389,145,40-44,42,ceara,BRA,---,3524,01:41:52,3.9 km,00:08:08,06:59:46,180.2 km,00:07:06,04:52:31,42.2 km,13:49:23
Larry Zamblano De Oliveira,357,37,390,562,45-49,---,CE,BRA,---,2264,01:38:06,3.9 km,00:04:09,06:50:00,180.2 km,00:09:00,05:08:58,42.2 km,13:50:13
Siderlei Costa Lopes,358,38,391,595,45-49,---,SP,BRA,---,2220,01:17:37,3.9 km,00:05:19,06:58:36,180.2 km,00:08:38,05:23:39,42.2 km,13:53:49
Priscila Farias,34,9,392,133,35-39,---,CE,BRA,---,2718,01:25:49,3.9 km,00:05:13,07:09:37,180.2 km,00:06:23,05:08:15,42.2 km,13:55:17
Silvio Chiappini,359,9,393,177,18-24,23,Rio de Janeiro,BRA,---,2119,01:17:36,3.9 km,00:03:40,07:35:06,180.2 km,00:05:18,04:53:37,42.2 km,13:55:17
Thomas Dreher,360,22,394,626,50-54,55,---,DEU,---,2871,01:24:58,3.9 km,00:04:03,06:11:28,180.2 km,00:05:44,06:09:43,42.2 km,13:55:56
Roberto Rodrigues Costa E Lima,361,79,395,220,30-34,35,Distrito federal,BRA,---,1806,01:14:17,3.9 km,00:10:54,06:42:34,180.2 km,00:07:42,05:40:31,42.2 km,13:55:58
Angela Kwong,35,3,396,156,50-54,53,HI,USA,---,3370,01:56:49,3.9 km,00:04:15,06:54:40,180.2 km,00:03:36,04:57:26,42.2 km,13:56:46
Massao T. Uechi,362,23,397,642,50-54,52,sao paulo,BRA,---,2860,01:41:45,3.9 km,00:05:37,06:42:31,180.2 km,00:08:21,05:18:41,42.2 km,13:56:55
Johnny Baka,363,24,398,636,50-54,53,BE,BEL,---,2857,01:20:04,3.9 km,00:07:01,06:41:24,180.2 km,00:07:01,05:41:39,42.2 km,13:57:09
Maildo Barros Da Silva,364,39,399,557,45-49,---,---,BRA,---,2168,01:49:22,3.9 km,00:04:42,06:53:39,180.2 km,00:06:17,05:04:10,42.2 km,13:58:10
Thiago Vilas Boas Guimaraes,365,80,400,290,30-34,32,---,BRA,---,1698,01:37:57,3.9 km,00:06:39,07:15:48,180.2 km,00:11:04,04:53:31,42.2 km,14:04:59
Danilo Sverzut,366,96,401,392,35-39,37,Sao Paulo,BRA,---,1510,01:23:48,3.9 km,00:05:02,07:19:05,180.2 km,00:06:19,05:10:56,42.2 km,14:05:10
Tiago Fernandes,367,81,402,238,30-34,34,Ceará,BRA,---,1684,01:16:10,3.9 km,00:05:23,06:44:12,180.2 km,00:11:46,05:48:38,42.2 km,14:06:09
Thor Quinderé,368,78,403,515,40-44,42,ceara,BRA,---,1742,00:58:22,3.9 km,00:22:39,06:58:25,180.2 km,00:09:59,05:37:06,42.2 km,14:06:31
Rafael Otaviano Cabral Dos Anjos,370,97,405,429,35-39,36,---,BRA,---,1481,01:19:34,3.9 km,00:09:04,06:31:47,180.2 km,00:09:29,05:57:42,42.2 km,14:07:36
Fernando Abras Porto,371,79,406,532,40-44,---,Sc,BRA,---,1729,01:23:50,3.9 km,00:13:18,07:19:25,180.2 km,00:16:15,04:54:50,42.2 km,14:07:38
Marcelo Rodrigues,372,80,407,490,40-44,43,Amazonas,BRA,---,1715,01:23:44,3.9 km,00:08:58,06:54:23,180.2 km,00:09:56,05:31:46,42.2 km,14:08:47
Jackson Douglas  Costa Oliveira,373,98,408,343,35-39,---,BA,BRA,---,1446,01:20:11,3.9 km,00:06:18,07:14:58,180.2 km,00:11:35,05:17:27,42.2 km,14:10:29
Beto Cavalcante,374,40,409,587,45-49,---,CE,BRA,---,2018,01:16:12,3.9 km,00:06:28,06:33:11,180.2 km,00:08:41,06:06:10,42.2 km,14:10:42
Natalia Carneiro,36,7,410,106,25-29,29,CE,BRA,---,2773,01:17:12,3.9 km,00:05:15,06:47:51,180.2 km,00:08:28,05:52:49,42.2 km,14:11:35
Mauro Andres Vita,375,27,411,207,25-29,27,Buenos Aires,ARG,---,1611,01:46:53,3.9 km,00:16:34,07:16:12,180.2 km,00:07:50,04:44:57,42.2 km,14:12:26
Karole Carvalho,37,8,412,110,25-29,28,---,BRA,---,2755,01:10:50,3.9 km,00:05:01,07:13:15,180.2 km,00:05:16,05:38:42,42.2 km,14:13:04
Maria Escobar,38,4,413,161,50-54,51,---,VEN,---,3147,01:29:57,3.9 km,00:05:13,07:11:26,180.2 km,00:05:15,05:23:28,42.2 km,14:15:19
Silvio Roberto  De Aquino Vasconcelos,376,41,414,589,45-49,---,CE,BRA,---,1962,01:24:31,3.9 km,00:08:32,07:15:56,180.2 km,00:14:53,05:11:30,42.2 km,14:15:22
Miguel Lezaun,377,81,415,500,40-44,42,CABA,ARG,---,1610,01:28:56,3.9 km,00:11:12,06:44:29,180.2 km,00:11:45,05:41:11,42.2 km,14:17:33
Adrian Mercado,378,42,416,599,45-49,47,cordoba,ARG,---,1924,01:29:38,3.9 km,00:04:03,06:40:46,180.2 km,00:07:38,05:56:27,42.2 km,14:18:32
Alejandro Ravinale,379,43,417,603,45-49,47,cordoba,ARG,---,1924,01:21:03,3.9 km,00:05:11,06:49:23,180.2 km,00:06:30,05:56:26,42.2 km,14:18:33
Renato Gomes,380,99,418,321,35-39,40,Rio de Janeiro,BRA,---,1338,01:26:37,3.9 km,00:04:26,06:38:51,180.2 km,00:05:23,06:04:16,42.2 km,14:19:33
John Toohey,381,25,419,648,50-54,52,VIC,AUS,---,2580,01:27:44,3.9 km,00:05:00,07:26:20,180.2 km,00:09:00,05:12:07,42.2 km,14:20:11
Milena Klein,39,2,420,100,18-24,---,---,BRA,---,2942,01:24:29,3.9 km,00:07:15,06:47:20,180.2 km,00:13:06,05:49:55,42.2 km,14:22:05
Lucio Marcelo Lima,382,44,421,577,45-49,---,DF,BRA,---,1874,01:22:22,3.9 km,00:11:51,07:01:39,180.2 km,00:08:12,05:38:37,42.2 km,14:22:41
Naerton Menezes,383,82,422,509,40-44,---,CE,BRA,---,1520,01:21:33,3.9 km,00:06:50,06:52:06,180.2 km,00:06:38,05:57:56,42.2 km,14:25:03
Henrique Alves,384,82,423,260,30-34,34,ceara,BRA,---,1440,01:10:18,3.9 km,00:05:45,06:27:17,180.2 km,00:07:33,06:35:33,42.2 km,14:26:26
Euler Ribeiro Filho,385,45,424,605,45-49,96,Other,BRA,---,1828,01:21:34,3.9 km,00:09:11,07:20:10,180.2 km,00:11:57,05:23:37,42.2 km,14:26:29
Regis Gomes,386,83,425,546,40-44,40,CE,BRA,---,1496,01:21:45,3.9 km,00:10:50,06:59:08,180.2 km,00:12:48,05:42:31,42.2 km,14:27:02
Eduardo Francisco Fernandes De Miranda,387,26,426,658,50-54,---,---,BRA,---,2477,01:13:50,3.9 km,00:10:30,06:46:24,180.2 km,00:25:53,05:52:10,42.2 km,14:28:47
Jean-Louis Audibert,388,100,427,386,35-39,37,FR,FRA,---,1211,01:25:50,3.9 km,00:03:04,06:29:30,180.2 km,00:05:16,06:26:28,42.2 km,14:30:08
Claudio Victor Bertonasco,389,27,428,621,50-54,55,Buenos Aires,ARG,---,2453,01:34:52,3.9 km,00:10:40,07:08:56,180.2 km,00:05:27,05:30:54,42.2 km,14:30:49
Fabio Urban,390,101,429,327,35-39,40,SP,BRA,---,1171,01:14:05,3.9 km,00:07:09,07:18:38,180.2 km,00:20:51,05:32:42,42.2 km,14:33:25
Diego Moraes,391,28,430,210,25-29,26,pará,BRA,---,1357,01:22:38,3.9 km,00:08:16,07:16:33,180.2 km,00:07:31,05:38:39,42.2 km,14:33:37
Clovis Carvalho Lima Neto,392,102,431,415,35-39,36,Ceara,BRA,---,1163,01:17:00,3.9 km,00:08:06,07:12:57,180.2 km,00:12:26,05:43:35,42.2 km,14:34:04
Martin Mantegini,393,103,432,356,35-39,38,Mza,ARG,---,1163,01:32:40,3.9 km,00:05:56,07:12:36,180.2 km,00:14:28,05:28:27,42.2 km,14:34:07
Joy Secritario,40,5,433,159,50-54,52,HI,USA,---,2920,01:34:35,3.9 km,00:06:00,07:04:47,180.2 km,00:08:31,05:40:25,42.2 km,14:34:18
Gonzalo Garay,394,46,434,568,45-49,49,santa fe,ARG,---,1723,01:27:38,3.9 km,00:06:40,06:38:19,180.2 km,00:06:35,06:16:02,42.2 km,14:35:14
Jose Antonio Da Silva Neto,395,14,435,663,55-59,59,SAO PAULO,BRA,---,2333,02:03:13,3.9 km,00:14:12,07:15:13,180.2 km,00:10:46,04:53:00,42.2 km,14:36:24
Paulo Alves Araujo,396,15,436,667,55-59,58,CE,BRA,---,2332,01:30:47,3.9 km,00:03:11,08:04:50,180.2 km,00:05:11,04:52:32,42.2 km,14:36:31
Juliana Sommer,41,7,437,140,40-44,---,ES,BRA,---,2926,01:20:30,3.9 km,00:04:26,07:15:22,180.2 km,00:05:09,05:53:46,42.2 km,14:39:13
Valdenor Costa De Aquino Filho,397,83,438,256,30-34,---,CE,BRA,---,1253,01:15:58,3.9 km,00:05:23,07:14:10,180.2 km,00:10:04,05:56:25,42.2 km,14:42:00
Edmar Farias,398,84,439,228,30-34,---,CE,BRA,---,1253,01:12:13,3.9 km,00:09:24,07:15:52,180.2 km,00:08:06,05:56:25,42.2 km,14:42:00
Pedro Victor Carneiro Ferreira,399,10,440,170,18-24,25,Maranhão,BRA,---,1552,01:17:47,3.9 km,00:11:43,07:31:19,180.2 km,00:07:12,05:34:28,42.2 km,14:42:29
Salvatore Dioguardi,400,47,441,590,45-49,47,Monza brianza,ITA,---,1622,01:30:21,3.9 km,00:07:29,07:42:00,180.2 km,00:07:10,05:16:40,42.2 km,14:43:40
Pedro Luz Alves,401,85,442,246,30-34,---,---,BRA,---,1192,01:08:33,3.9 km,00:09:34,07:10:35,180.2 km,00:17:34,06:00:52,42.2 km,14:47:08
Ricardo Vicente Pannunzio,402,28,443,631,50-54,54,Pilar,ARG,---,2250,01:45:28,3.9 km,00:06:18,06:51:42,180.2 km,00:08:41,05:55:36,42.2 km,14:47:45
Luis Ignacio,403,104,444,324,35-39,40,buenos aires,ARG,---,1000,01:34:28,3.9 km,00:06:14,07:12:47,180.2 km,00:07:35,05:48:31,42.2 km,14:49:35
Rafael Queiroz,404,86,445,275,30-34,---,CE,BRA,---,1145,01:17:04,3.9 km,00:18:51,06:36:35,180.2 km,00:16:18,06:22:15,42.2 km,14:51:03
Diego Farina,405,29,446,212,25-29,26,Uruguay,URY,---,1137,01:47:46,3.9 km,00:07:29,06:53:20,180.2 km,00:07:14,05:56:07,42.2 km,14:51:56
Karyna Saraiva Leão Gaya,42,10,447,121,35-39,40,Ceará,BRA,---,1948,01:46:28,3.9 km,00:05:46,07:09:58,180.2 km,00:10:22,05:46:53,42.2 km,14:59:27
Silvana Erbstein,43,6,448,160,50-54,51,FL,ARG,---,2598,01:40:19,3.9 km,00:06:44,07:09:49,180.2 km,00:10:32,05:53:44,42.2 km,15:01:08
Mariano Haymes,406,48,449,713,45-49,47,---,ARG,---,1404,01:36:10,3.9 km,00:09:37,06:54:53,180.2 km,00:12:13,06:08:58,42.2 km,15:01:51
Rita De Cassia Santos Pereira,44,9,450,107,25-29,---,CE,BRA,---,2140,01:21:25,3.9 km,00:03:30,07:07:09,180.2 km,00:05:49,06:26:27,42.2 km,15:04:20
Paulo Ribeiro Cardoso,407,1,451,584,PC,---,CE,BRA,---,5000,01:47:50,3.9 km,00:14:13,06:28:25,180.2 km,00:19:37,06:14:47,42.2 km,15:04:52
Elizabeth Marques Cossa,45,11,452,128,35-39,---,---,BRA,---,1879,01:30:39,3.9 km,00:10:06,06:49:02,180.2 km,00:08:24,06:27:02,42.2 km,15:05:13
Karine Sommer Cruz,46,12,453,123,35-39,39,---,BRA,---,1865,01:17:30,3.9 km,00:05:58,07:04:36,180.2 km,00:13:03,06:25:14,42.2 km,15:06:21
Leandro Andreatti,408,105,454,337,35-39,39,Parana,BRA,---,1000,01:50:46,3.9 km,00:08:23,07:10:44,180.2 km,00:05:45,05:53:05,42.2 km,15:08:43
Guillaume Calon,409,84,455,492,40-44,42,FR,FRA,---,1000,01:17:13,3.9 km,00:06:38,06:34:00,180.2 km,00:11:45,06:59:35,42.2 km,15:09:11
Mauricio Tadros,410,49,456,614,45-49,---,AM,BRA,---,1295,01:15:41,3.9 km,00:06:42,07:26:24,180.2 km,00:14:21,06:07:47,42.2 km,15:10:55
Oscar Ramon Discaciati,411,3,457,685,60-64,61,SANTA FE,ARG,---,3331,02:06:14,3.9 km,00:05:25,06:45:34,180.2 km,00:05:01,06:11:22,42.2 km,15:13:36
Orleans Mendez,412,50,458,573,45-49,---,---,VEN,---,1254,01:29:50,3.9 km,00:08:31,07:04:39,180.2 km,00:10:26,06:20:54,42.2 km,15:14:20
Anilzo Santos,413,106,459,362,35-39,---,RJ,BRA,---,1000,01:25:13,3.9 km,00:06:16,06:39:48,180.2 km,00:05:45,06:59:05,42.2 km,15:16:07
Alen Brandizzi,414,85,460,548,40-44,---,Es,BRA,---,1000,01:31:35,3.9 km,00:09:13,07:30:20,180.2 km,00:12:02,05:53:48,42.2 km,15:16:58
Elizeu Ubaldino De Oliveira Junior Ubaldino,415,29,461,661,50-54,---,CE,BRA,---,1895,01:39:41,3.9 km,00:14:22,08:13:24,180.2 km,00:12:40,04:57:09,42.2 km,15:17:16
Roberto Attianese,416,30,462,629,50-54,54,Buenos Aires,ARG,---,1894,01:29:22,3.9 km,00:08:23,06:45:04,180.2 km,00:09:02,06:45:30,42.2 km,15:17:21
Camillo De Alcântara Cesar,417,30,463,203,25-29,---,MG,BRA,---,1000,01:34:09,3.9 km,00:08:30,07:05:09,180.2 km,00:10:43,06:19:14,42.2 km,15:17:45
John Harris,418,4,464,684,60-64,61,HI,USA,---,3279,02:01:39,3.9 km,00:09:51,07:34:19,180.2 km,00:14:59,05:17:07,42.2 km,15:17:55
Artur Luiz Fabiao Junior,419,87,465,255,30-34,---,---,BRA,---,1000,01:16:09,3.9 km,00:05:24,08:02:19,180.2 km,00:10:07,05:46:15,42.2 km,15:20:14
Jose Pimentel Jr,420,5,466,680,60-64,65,---,BRA,---,3243,01:55:30,3.9 km,00:04:27,07:09:50,180.2 km,00:06:05,06:05:06,42.2 km,15:20:58
Fernando Cembraneli,421,51,467,612,45-49,46,São Paulo,BRA,---,1170,01:58:16,3.9 km,00:09:00,07:36:13,180.2 km,00:10:11,05:27:41,42.2 km,15:21:21
Janio Santos Soares,422,107,468,425,35-39,36,Ceará,BRA,---,1000,01:39:10,3.9 km,00:05:12,07:21:04,180.2 km,00:10:31,06:08:52,42.2 km,15:24:49
Raimundo Oliveira Menezes,423,52,469,706,45-49,---,CE,BRA,---,1128,---,3.9 km,01:14:55,07:54:14,180.2 km,00:13:52,06:01:52,42.2 km,15:24:53
Evandro Andrade,424,108,470,414,35-39,36,---,BRA,---,1000,01:15:50,3.9 km,00:07:58,07:13:13,180.2 km,00:11:54,06:36:53,42.2 km,15:25:48
Benedito Machado Filho Silva,425,1,471,687,65-69,70,---,BRA,---,5000,01:54:50,3.9 km,00:13:02,07:16:48,180.2 km,00:08:21,05:54:02,42.2 km,15:27:03
Mati Sapolu-Palmer,47,2,472,163,55-59,59,HI,ASM,---,2649,01:25:58,3.9 km,00:03:08,07:14:04,180.2 km,00:07:11,06:41:27,42.2 km,15:31:48
Elizabete Alvares,48,7,473,162,50-54,51,---,BRA,---,2193,01:53:28,3.9 km,00:13:49,07:34:37,180.2 km,00:17:35,05:35:20,42.2 km,15:34:49
KLAUS OLIVEIRA,426,109,474,390,35-39,37,---,BRA,---,1000,01:49:27,3.9 km,00:17:54,06:14:20,180.2 km,00:11:16,07:04:03,42.2 km,15:37:00
Antonio Rangers Pimenta Viana  Pimenta Viana,427,110,475,421,35-39,---,CE,BRA,---,1000,01:16:40,3.9 km,00:04:08,07:19:53,180.2 km,00:06:21,06:54:42,42.2 km,15:41:44
Mario Lucio Batigniani,428,111,476,357,35-39,---,MA,BRA,---,1000,02:00:19,3.9 km,00:18:09,07:21:36,180.2 km,00:09:52,05:51:54,42.2 km,15:41:50
Hernerio Mesquita,429,112,477,366,35-39,---,CE,BRA,---,1000,01:33:52,3.9 km,00:09:10,06:54:52,180.2 km,00:10:58,06:56:41,42.2 km,15:45:33
Aline Luftmann Fernandes,49,13,478,127,35-39,39,São Paulo,BRA,---,1182,01:46:19,3.9 km,00:05:23,07:32:22,180.2 km,00:03:58,06:35:15,42.2 km,16:03:17
Luis Mantegini,430,2,479,688,65-69,68,Mza,ARG,---,4539,01:47:36,3.9 km,00:11:57,07:33:49,180.2 km,00:08:34,06:23:30,42.2 km,16:05:26
Fabricio Lima,431,86,480,542,40-44,40,Other,BRA,---,1000,01:17:59,3.9 km,00:05:20,06:48:25,180.2 km,00:08:24,07:46:27,42.2 km,16:06:35
Daniela Ferreira De Araujo,50,14,481,119,35-39,---,PA,BRA,---,1082,01:39:40,3.9 km,00:08:46,07:17:35,180.2 km,00:09:40,06:55:56,42.2 km,16:11:37
Francisco Rondinelli Alves Setubal,432,113,482,340,35-39,39,Ceara,BRA,---,1000,01:22:57,3.9 km,00:06:51,07:39:23,180.2 km,00:11:08,06:59:49,42.2 km,16:20:08
Ricardo Nestor Catalan,433,31,483,645,50-54,52,Cubut,ARG,---,1141,01:16:49,3.9 km,00:02:57,07:47:57,180.2 km,00:24:19,06:48:08,42.2 km,16:20:10
Rafael Gesini,434,87,484,555,40-44,40,sao paulo,BRA,---,1000,01:28:09,3.9 km,00:07:10,08:01:54,180.2 km,00:08:37,06:37:04,42.2 km,16:22:54
Leandro Martins,435,31,485,201,25-29,28,CE,BRA,---,1000,01:09:58,3.9 km,00:07:06,07:36:21,180.2 km,00:11:38,07:20:35,42.2 km,16:25:38
Debora Porto,51,3,486,149,45-49,---,CE,BRA,---,1619,01:45:39,3.9 km,00:06:10,08:26:13,180.2 km,00:12:25,05:58:18,42.2 km,16:28:45
Gilson Pinto,436,32,487,654,50-54,51,São Paulo,BRA,---,1008,01:59:27,3.9 km,00:10:49,08:00:02,180.2 km,00:07:49,06:13:05,42.2 km,16:31:12
Daniel Afoa,437,33,488,652,50-54,51,---,WSM,---,1000,01:46:24,3.9 km,00:05:26,07:52:11,180.2 km,00:08:40,06:42:04,42.2 km,16:34:45
Taina Desiderio,52,3,489,102,18-24,21,Minas Gerais,BRA,---,1336,01:46:50,3.9 km,00:02:42,07:31:08,180.2 km,00:04:15,07:10:57,42.2 km,16:35:52
Pedro Henrique Davanco Frare,438,32,490,209,25-29,---,SP,BRA,---,1000,02:01:09,3.9 km,00:07:51,08:06:41,180.2 km,00:10:34,06:09:40,42.2 km,16:35:55
Max Well  Barroso Leitao,439,88,491,253,30-34,---,CE,BRA,---,1000,01:56:43,3.9 km,00:02:42,07:44:59,180.2 km,00:09:42,06:41:52,42.2 km,16:35:58
Thiago Fontana,440,33,492,191,25-29,---,BA,BRA,---,1000,01:55:31,3.9 km,00:09:08,07:35:13,180.2 km,00:08:33,06:49:24,42.2 km,16:37:49
Hermeto Aguiar,441,53,493,579,45-49,---,CE,BRA,---,1000,01:25:17,3.9 km,00:10:15,07:34:02,180.2 km,00:12:02,07:17:02,42.2 km,16:38:38
Malba Meneses Loureiro De Araujo,53,8,494,141,40-44,---,CE,BRA,---,1493,01:43:07,3.9 km,00:03:13,07:36:18,180.2 km,00:07:48,07:08:12,42.2 km,16:38:38
Helano Regis Reis Martins  Martins,442,114,495,416,35-39,---,CE,BRA,---,1000,02:08:13,3.9 km,00:09:15,07:11:01,180.2 km,00:09:42,07:00:30,42.2 km,16:38:41
Maria Del Consuelo Marquez Gandara,54,9,496,148,40-44,40,---,MEX,---,1470,01:57:24,3.9 km,00:05:09,07:52:30,180.2 km,00:06:00,06:39:33,42.2 km,16:40:36
Alessandra Arruda Magalhaes,55,4,497,154,45-49,---,CE,BRA,---,1244,01:38:42,3.9 km,00:06:59,08:31:45,180.2 km,00:12:48,06:29:45,42.2 km,16:59:59
Pedro Adriano Teixeira,---,---,DQ,504,40-44,42,---,BRA,---,---,---,3.9 km,---,---,180.2 km,---,---,42.2 km,DQ
Guilherme Albani,---,---,DNF,219,30-34,35,Santa Catarina,BRA,---,---,01:03:16,3.9 km,00:03:21,05:33:39,180.2 km,00:10:47,---,42.2 km,DNF
Jose Alexandre Goiana De Andrade,---,---,DNS,495,40-44,---,CE,BRA,---,---,---,3.9 km,---,---,180.2 km,---,---,42.2 km,DNS
Marcel Almeida,---,---,DNS,651,50-54,51,Mato grosso,BRA,---,---,---,3.9 km,---,---,180.2 km,---,---,42.2 km,DNS
Wander Ama,---,---,DNS,507,40-44,42,SP,BRA,---,---,---,3.9 km,---,---,180.2 km,---,---,42.2 km,DNS
Monica Andrade,---,---,DNF,153,45-49,46,RJ,BRA,---,---,01:03:59,3.9 km,00:02:43,07:11:01,180.2 km,02:05:45,---,42.2 km,DNF
Romulo Antonio Matias Araujo,---,---,DNS,236,30-34,---,---,BRA,---,---,---,3.9 km,---,---,180.2 km,---,---,42.2 km,DNS
Fernando Aparecido Galdino,---,---,DNF,643,50-54,52,SP,BRA,---,---,01:49:46,3.9 km,00:07:17,07:25:28,180.2 km,---,---,42.2 km,DNF
Antonio Augusto Araujo,---,---,DNS,622,50-54,55,ceara,BRA,---,---,---,3.9 km,---,---,180.2 km,---,---,42.2 km,DNS
Clodomir Assis Araújo Junior,---,---,DNF,412,35-39,36,Pará,BRA,---,---,01:20:12,3.9 km,00:05:06,05:54:55,180.2 km,00:04:09,---,42.2 km,DNF
Ricardo Baer,---,---,DNF,569,45-49,49,Intl State,ARG,---,---,01:10:04,3.9 km,00:05:38,---,180.2 km,---,---,42.2 km,DNF
Albert Banus Sado,---,---,DNF,510,40-44,42,ES,ESP,---,---,01:07:38,3.9 km,00:02:46,05:13:54,180.2 km,00:06:06,---,42.2 km,DNF
Luiz Antonio Barata,---,---,DNS,610,45-49,46,SAO PAULO,BRA,---,---,---,3.9 km,---,---,180.2 km,---,---,42.2 km,DNS
Ross Barnard,---,---,DNF,216,25-29,25,---,ZAF,---,---,01:05:06,3.9 km,00:02:44,05:33:48,180.2 km,00:05:56,---,42.2 km,DNF
Adam Becker,---,---,DNS,556,45-49,50,FL,USA,---,---,---,3.9 km,---,---,180.2 km,---,---,42.2 km,DNS
Nuno Bernardo,---,---,DNS,464,40-44,44,São Paulo,BRA,---,---,---,3.9 km,---,---,180.2 km,---,---,42.2 km,DNS
Celio Bittencourt,---,---,DNS,461,40-44,---,Ri,BRA,---,---,---,3.9 km,---,---,180.2 km,---,---,42.2 km,DNS
Lourenco Bizarria,---,---,DNS,318,35-39,40,Intl State,BRA,---,---,---,3.9 km,---,---,180.2 km,---,---,42.2 km,DNS
Hugo Brentani,---,---,DNS,628,50-54,54,BC,ITA,---,---,---,3.9 km,---,---,180.2 km,---,---,42.2 km,DNS
Marinaldo Brito,---,---,DNS,686,65-69,70,BAHIA,BRA,---,---,---,3.9 km,---,---,180.2 km,---,---,42.2 km,DNS
Elen Caetano De Lima,---,---,DNF,135,35-39,36,Goiás,BRA,---,---,01:21:58,3.9 km,00:03:43,06:29:15,180.2 km,---,---,42.2 km,DNF
Bruno Calandrini,---,---,DNF,360,35-39,38,Minas Gerais,BRA,---,---,01:03:15,3.9 km,00:04:34,05:21:49,180.2 km,00:03:21,---,42.2 km,DNF
Federico Campos,---,---,DNF,473,40-44,43,---,ARG,---,---,01:11:59,3.9 km,09:40:50,---,180.2 km,---,---,42.2 km,DNF
Fernando Carvalho,---,---,DNS,596,45-49,47,Intl State,BRA,---,---,---,3.9 km,---,---,180.2 km,---,---,42.2 km,DNS
Frederico Carvalho Zacharias,---,---,DNF,225,30-34,35,Minas Gerais,BRA,---,---,01:01:54,3.9 km,00:01:51,05:18:09,180.2 km,00:04:05,---,42.2 km,DNF
Francisco Cavalcanti,---,---,DNF,474,40-44,43,---,BRA,---,---,01:04:20,3.9 km,00:01:23,05:56:44,180.2 km,00:11:17,---,42.2 km,DNF
Juliana Cerize,---,---,DNF,146,40-44,42,Intl State,BRA,---,---,01:31:18,3.9 km,00:04:20,06:27:18,180.2 km,00:09:01,---,42.2 km,DNF
Victor Cesar Falcao Viana,---,---,DNS,468,40-44,---,---,BRA,---,---,---,3.9 km,---,---,180.2 km,---,---,42.2 km,DNS
Bruno Collato,---,---,DNF,297,30-34,31,Intl State,BRA,---,---,01:03:08,3.9 km,00:01:49,---,180.2 km,---,---,42.2 km,DNF
Emerson Da Costa Pereira Martins,---,---,DNS,454,40-44,44,Rio de janeiro,BRA,---,---,---,3.9 km,---,---,180.2 km,---,---,42.2 km,DNS
Tadeu Dantas,---,---,DNS,588,45-49,48,---,BRA,---,---,---,3.9 km,---,---,180.2 km,---,---,42.2 km,DNS
Rogerio Dienes,---,---,DNS,541,40-44,41,SC,BRA,---,---,---,3.9 km,---,---,180.2 km,---,---,42.2 km,DNS
Amanda Diogenes,---,---,DNS,112,30-34,35,ce,BRA,---,---,---,3.9 km,---,---,180.2 km,---,---,42.2 km,DNS
Bruno Domingos,---,---,DNS,344,35-39,39,DF,BRA,---,---,---,3.9 km,---,---,180.2 km,---,---,42.2 km,DNS
Piasentini Edgardo,---,---,DNF,683,60-64,62,Intl State,ARG,---,---,01:46:00,3.9 km,00:03:46,07:10:55,180.2 km,00:05:08,---,42.2 km,DNF
Marcus Eduardo Oliveira,---,---,DNF,329,35-39,---,SP,BRA,---,---,01:25:32,3.9 km,00:02:04,06:02:10,180.2 km,---,---,42.2 km,DNF
Marcos Felipe Mendes Lopes,---,---,DNS,359,35-39,38,SP,BRA,---,---,---,3.9 km,---,---,180.2 km,---,---,42.2 km,DNS
Marcelo Felix Da Silva,---,---,DNS,467,40-44,---,MT,BRA,---,---,---,3.9 km,---,---,180.2 km,---,---,42.2 km,DNS
Ricardo Ferla,---,---,DNS,606,45-49,47,SP,BRA,---,---,---,3.9 km,---,---,180.2 km,---,---,42.2 km,DNS
Nadia Ferreira,---,---,DNS,143,40-44,42,Bahia,BRA,---,---,---,3.9 km,---,---,180.2 km,---,---,42.2 km,DNS
Nelson Figueiredo,---,---,DNF,580,45-49,48,---,BRA,---,---,01:25:23,3.9 km,00:02:55,05:47:03,180.2 km,00:07:24,---,42.2 km,DNF
Pablo Formiga,---,---,DNS,528,40-44,41,ceara,BRA,---,---,---,3.9 km,---,---,180.2 km,---,---,42.2 km,DNS
Juan Francisco Horacio Aparicio,---,---,DNS,498,40-44,42,Tucuman,ARG,---,---,---,3.9 km,---,---,180.2 km,---,---,42.2 km,DNS
Erin Fritzler,---,---,DNF,147,40-44,41,CA,USA,---,---,01:47:45,3.9 km,00:06:21,08:31:28,180.2 km,00:06:52,06:36:54,42.2 km,DNF
Glauber Fujita,---,---,DNF,537,40-44,41,PR,BRA,---,---,02:02:39,3.9 km,---,---,180.2 km,---,---,42.2 km,DNF
Katia Funicelli Garcia,---,---,DNF,124,35-39,39,-,BRA,---,---,01:16:46,3.9 km,00:03:02,---,180.2 km,---,---,42.2 km,DNF
Bricio Galrao Neto,---,---,DNF,617,45-49,45,---,BRA,---,---,01:05:14,3.9 km,00:02:37,05:29:50,180.2 km,00:03:09,---,42.2 km,DNF
Oscar Galvao,---,---,DNS,653,50-54,51,São Paulo,BRA,---,---,---,3.9 km,---,---,180.2 km,---,---,42.2 km,DNS
Marcos Geber Andreazza,---,---,DNS,224,30-34,35,Rio Grande do Sul,BRA,---,---,---,3.9 km,---,---,180.2 km,---,---,42.2 km,DNS
Haroldo Gondim,---,---,DNF,534,40-44,41,---,BRA,---,---,01:11:12,3.9 km,00:06:49,06:05:48,180.2 km,00:08:20,---,42.2 km,DNF
Fabio Gondim Ribeiro,---,---,DNS,540,40-44,41,---,BRA,---,---,---,3.9 km,---,---,180.2 km,---,---,42.2 km,DNS
Luiz Gracioso,---,---,DNS,672,55-59,57,---,BRA,---,---,---,3.9 km,---,---,180.2 km,---,---,42.2 km,DNS
Denis Guerchon,---,---,DNS,455,40-44,---,---,BRA,---,---,---,3.9 km,---,---,180.2 km,---,---,42.2 km,DNS
Rodriguez Guillermo Luis,---,---,DNF,664,55-59,---,BA,ARG,---,---,01:42:50,3.9 km,00:05:20,06:57:11,180.2 km,00:48:10,---,42.2 km,DNF
Luciana Haddad,---,---,DNS,131,35-39,37,SP,BRA,---,---,---,3.9 km,---,---,180.2 km,---,---,42.2 km,DNS
Charles Ed Harrison,---,---,DNF,625,50-54,55,HI,USA,---,---,01:15:07,3.9 km,00:04:49,07:01:34,180.2 km,---,---,42.2 km,DNF
Lucia Helena Pierre,---,---,DNF,166,55-59,---,---,BRA,---,---,01:25:45,3.9 km,00:11:19,---,180.2 km,---,---,42.2 km,DNF
Oswaldo Henriquez,---,---,DQ,522,40-44,41,---,VEN,---,---,---,3.9 km,---,---,180.2 km,---,---,42.2 km,DQ
Betty Janelle,---,---,DNS,158,50-54,52,GA,USA,---,---,---,3.9 km,---,---,180.2 km,---,---,42.2 km,DNS
Bruno Joaquim,---,---,DNF,307,30-34,31,Parana,BRA,---,---,00:51:46,3.9 km,00:01:40,05:06:12,180.2 km,00:03:52,---,42.2 km,DNF
Vagner Juliano,---,---,DNF,217,30-34,---,---,BRA,---,---,01:04:58,3.9 km,00:03:16,03:57:20,180.2 km,---,---,42.2 km,DNF
Julio Cesar Paterlini Julio Paterlini,---,---,DNS,561,45-49,50,sao paulo,BRA,---,---,---,3.9 km,---,---,180.2 km,---,---,42.2 km,DNS
Alexander Kurgansky,---,---,DNF,526,40-44,41,Russia,RUS,---,---,01:27:18,3.9 km,00:10:46,---,180.2 km,---,---,42.2 km,DNF
Miguel Lasalvia,---,---,DNS,623,50-54,55,RJ,BRA,---,---,---,3.9 km,---,---,180.2 km,---,---,42.2 km,DNS
Leandro Leao Guerriere,---,---,DNF,702,30-34,32,SP,BRA,---,---,00:59:07,3.9 km,00:02:18,05:20:43,180.2 km,00:04:22,---,42.2 km,DNF
Maurício Letzow,---,---,DNS,333,35-39,40,Paraná,BRA,---,---,---,3.9 km,---,---,180.2 km,---,---,42.2 km,DNS
Rodolfo Lucarelli Granieri,---,---,DNS,448,40-44,45,---,BRA,---,---,---,3.9 km,---,---,180.2 km,---,---,42.2 km,DNS
Jose Luiz Wald,---,---,DNS,178,18-24,21,---,BRA,---,---,---,3.9 km,---,---,180.2 km,---,---,42.2 km,DNS
Carolina Machado Umpierre  Machado Umpierre,---,---,DNS,137,35-39,---,---,BRA,---,---,---,3.9 km,---,---,180.2 km,---,---,42.2 km,DNS
Francisco Marcio Silva Vieira,---,---,DNF,355,35-39,38,ceara,BRA,---,---,02:00:28,3.9 km,00:11:55,07:25:18,180.2 km,00:15:14,05:30:15,42.2 km,DNF
Roberto Mariano Rodrigues Costa Filho,---,---,DNS,304,30-34,31,Intl State,BRA,---,---,---,3.9 km,---,---,180.2 km,---,---,42.2 km,DNS
Carlos Mazu,---,---,DNS,503,40-44,---,---,BRA,---,---,---,3.9 km,---,---,180.2 km,---,---,42.2 km,DNS
Guilherme Melo,---,---,DNS,180,18-24,---,---,BRA,---,---,---,3.9 km,---,---,180.2 km,---,---,42.2 km,DNS
Themis Mendonça Brandão Vilela,---,---,DNS,164,55-59,58,al,BRA,---,---,---,3.9 km,---,---,180.2 km,---,---,42.2 km,DNS
Guilherme Mesquita Chaves,---,---,DNS,609,45-49,46,Intl State,BRA,---,---,---,3.9 km,---,---,180.2 km,---,---,42.2 km,DNS
Christopher Misplon,---,---,DNS,407,35-39,37,ZA,ZAF,---,---,---,3.9 km,---,---,180.2 km,---,---,42.2 km,DNS
Lucio Mittestainer,---,---,DNS,370,35-39,38,SP,BRA,---,---,---,3.9 km,---,---,180.2 km,---,---,42.2 km,DNS
Eduardo Morales,---,---,DQ,446,40-44,45,CHUBUT,ARG,---,---,---,3.9 km,---,---,180.2 km,---,---,42.2 km,DQ
Miguel Newton Arraes,---,---,DNS,681,60-64,---,---,BRA,---,---,---,3.9 km,---,---,180.2 km,---,---,42.2 km,DNS
Peterson Nunes Lira,---,---,DNF,174,18-24,24,Ce,BRA,---,---,01:05:31,3.9 km,00:02:41,---,180.2 km,---,---,42.2 km,DNF
Samuel Oliveira,---,---,DNS,559,45-49,50,Sao paulo,BRA,---,---,---,3.9 km,---,---,180.2 km,---,---,42.2 km,DNS
Carlos Paiva Lameirinhas Conceicao,---,---,DNF,647,50-54,52,---,BRA,---,---,01:12:17,3.9 km,00:02:29,06:49:10,180.2 km,00:22:09,---,42.2 km,DNF
Fabio Passos,---,---,DNF,501,40-44,42,Intl State,BRA,---,---,01:05:31,3.9 km,00:02:49,---,180.2 km,---,---,42.2 km,DNF
Mario Petrelli Filho,---,---,DNS,633,50-54,53,---,BRA,---,---,---,3.9 km,---,---,180.2 km,---,---,42.2 km,DNS
Charles Pierre,---,---,DNF,508,40-44,42,Rio Grande do Sul,BRA,---,---,01:12:01,3.9 km,00:07:47,05:54:11,180.2 km,00:10:40,---,42.2 km,DNF
Mauricio Ramos,---,---,DNS,186,25-29,---,---,BRA,---,---,---,3.9 km,---,---,180.2 km,---,---,42.2 km,DNS
Rommel Reno Forcino Reinaldo,---,---,DNF,375,35-39,38,---,BRA,---,---,00:59:06,3.9 km,00:02:45,05:13:57,180.2 km,00:02:45,---,42.2 km,DNF
Alexandre Rocha,---,---,DNS,491,40-44,43,Rio de Janeiro,BRA,---,---,---,3.9 km,---,---,180.2 km,---,---,42.2 km,DNS
João Paulo Rocha Ponte,---,---,DNF,227,30-34,35,---,BRA,---,---,01:34:06,3.9 km,00:12:21,06:55:06,180.2 km,00:14:44,---,42.2 km,DNF
Bergson Rodrigues Luciano,---,---,DNF,531,40-44,---,CE,BRA,---,---,01:26:24,3.9 km,00:09:41,07:30:19,180.2 km,00:14:36,08:10:18,42.2 km,DNF
Alejandro Rodriguez Comas,---,---,DNF,670,55-59,58,Intl State,BRA,---,---,01:23:11,3.9 km,00:05:28,06:59:53,180.2 km,00:06:07,---,42.2 km,DNF
Cid Santos,---,---,DNS,264,30-34,34,Rio Grande do Norte,BRA,---,---,---,3.9 km,---,---,180.2 km,---,---,42.2 km,DNS
Claudio Santos,---,---,DNS,449,40-44,45,---,BRA,---,---,---,3.9 km,---,---,180.2 km,---,---,42.2 km,DNS
Eduardo Sarhan,---,---,DNF,709,40-44,40,---,BRA,---,---,00:56:25,3.9 km,00:02:44,07:18:34,180.2 km,---,---,42.2 km,DNF
Hermes Schneider,---,---,DNS,194,25-29,29,Paraná,BRA,---,---,---,3.9 km,---,---,180.2 km,---,---,42.2 km,DNS
Afonso Silva Junior,---,---,DNS,311,30-34,30,Intl State,BRA,---,---,---,3.9 km,---,---,180.2 km,---,---,42.2 km,DNS
Wilson Soares,---,---,DNF,451,40-44,44,---,BRA,---,---,01:17:35,3.9 km,00:05:33,06:18:19,180.2 km,00:08:32,05:31:42,42.2 km,DNF
Flavia Soares  Parente,---,---,DNS,130,35-39,---,CE,BRA,---,---,---,3.9 km,---,---,180.2 km,---,---,42.2 km,DNS
Arytana Stefenoni Tartuce,---,---,DNS,132,35-39,37,---,BRA,---,---,---,3.9 km,---,---,180.2 km,---,---,42.2 km,DNS
Andreas Toferer,---,---,DNF,563,45-49,50,AT,AUT,---,---,01:22:42,3.9 km,00:06:36,06:00:50,180.2 km,00:11:25,---,42.2 km,DNF
Rafael Troncoso Boys,---,---,DNS,250,30-34,34,CL,CHL,---,---,---,3.9 km,---,---,180.2 km,---,---,42.2 km,DNS
Fabio Valeriano Macarenko,---,---,DNS,328,35-39,40,São Paulo,BRA,---,---,---,3.9 km,---,---,180.2 km,---,---,42.2 km,DNS
Bruna Vellasco,---,---,DNF,105,25-29,29,-,BRA,---,---,01:29:42,3.9 km,00:06:26,06:11:43,180.2 km,---,---,42.2 km,DNF
Saulo Verde,---,---,DNS,591,45-49,47,Intl State,BRA,---,---,---,3.9 km,---,---,180.2 km,---,---,42.2 km,DNS
Claudia Weise,---,---,DNS,150,45-49,46,Minas Gerais,BRA,---,---,---,3.9 km,---,---,180.2 km,---,---,42.2 km,DNS
Vanessa Weisheimer,---,---,DNS,134,35-39,---,CE,BRA,---,---,---,3.9 km,---,---,180.2 km,---,---,42.2 km,DNS
Robert White,---,---,DNS,565,45-49,49,OR,USA,---,---,---,3.9 km,---,---,180.2 km,---,---,42.2 km,DNS
